{"frames": {

"orientation_arrow.png":
{
	"frame": {"x":1,"y":1,"w":362,"h":104},
	"rotated": false,
	"trimmed": false,
	"spriteSourceSize": {"x":0,"y":0,"w":362,"h":104},
	"sourceSize": {"w":362,"h":104}
},
"orientation_no.png":
{
	"frame": {"x":1,"y":107,"w":70,"h":29},
	"rotated": false,
	"trimmed": false,
	"spriteSourceSize": {"x":0,"y":0,"w":70,"h":29},
	"sourceSize": {"w":70,"h":29}
},
"orientation_phone.png":
{
	"frame": {"x":365,"y":1,"w":102,"h":191},
	"rotated": false,
	"trimmed": false,
	"spriteSourceSize": {"x":0,"y":0,"w":102,"h":191},
	"sourceSize": {"w":102,"h":191}
},
"orientation_yes.png":
{
	"frame": {"x":73,"y":107,"w":70,"h":29},
	"rotated": false,
	"trimmed": false,
	"spriteSourceSize": {"x":0,"y":0,"w":70,"h":29},
	"sourceSize": {"w":70,"h":29}
}},
"meta": {
	"app": "https://www.codeandweb.com/texturepacker",
	"version": "1.0",
	"image": "orientation.png",
	"format": "RGBA8888",
	"size": {"w":468,"h":193},
	"scale": "1",
	"smartupdate": "$TexturePacker:SmartUpdate:6e11a45916a0b7cc7c49e862975e6e61:52c77ec219b473faff15ee46d5d5a311:29c6f6f71f0115e5f1584f2b68e297d8$"
}
}
