{
  "frames": {
    "bg_black": {
      "trimmed": true,
      "rotated": false,
      "frame": {
        "x": 485,
        "y": 39,
        "w": 10,
        "h": 10
      },
      "spriteSourceSize": {
        "x": 0,
        "y": 0,
        "w": 10,
        "h": 10
      },
      "sourceSize": {
        "w": 10,
        "h": 10
      }
    },
    "btn_continue": {
      "trimmed": true,
      "rotated": false,
      "frame": {
        "x": 506,
        "y": 556,
        "w": 362,
        "h": 103
      },
      "spriteSourceSize": {
        "x": 0,
        "y": 0,
        "w": 362,
        "h": 103
      },
      "sourceSize": {
        "w": 362,
        "h": 103
      }
    },
    "btn_giveup": {
      "trimmed": true,
      "rotated": false,
      "frame": {
        "x": 506,
        "y": 451,
        "w": 362,
        "h": 103
      },
      "spriteSourceSize": {
        "x": 0,
        "y": 0,
        "w": 362,
        "h": 103
      },
      "sourceSize": {
        "w": 362,
        "h": 103
      }
    },
    "btn_info": {
      "trimmed": true,
      "rotated": false,
      "frame": {
        "x": 702,
        "y": 2,
        "w": 60,
        "h": 60
      },
      "spriteSourceSize": {
        "x": 0,
        "y": 0,
        "w": 60,
        "h": 60
      },
      "sourceSize": {
        "w": 60,
        "h": 60
      }
    },
    "btn_level_confirm": {
      "trimmed": true,
      "rotated": false,
      "frame": {
        "x": 506,
        "y": 284,
        "w": 332,
        "h": 73
      },
      "spriteSourceSize": {
        "x": 0,
        "y": 0,
        "w": 332,
        "h": 73
      },
      "sourceSize": {
        "w": 332,
        "h": 73
      }
    },
    "btn_memo": {
      "trimmed": true,
      "rotated": false,
      "frame": {
        "x": 506,
        "y": 174,
        "w": 223,
        "h": 108
      },
      "spriteSourceSize": {
        "x": 0,
        "y": 0,
        "w": 223,
        "h": 108
      },
      "sourceSize": {
        "w": 223,
        "h": 108
      }
    },
    "btn_no": {
      "trimmed": true,
      "rotated": false,
      "frame": {
        "x": 840,
        "y": 218,
        "w": 78,
        "h": 78
      },
      "spriteSourceSize": {
        "x": 0,
        "y": 0,
        "w": 78,
        "h": 78
      },
      "sourceSize": {
        "w": 78,
        "h": 78
      }
    },
    "btn_sudokueffect": {
      "trimmed": true,
      "rotated": false,
      "frame": {
        "x": 840,
        "y": 218,
        "w": 78,
        "h": 78
      },
      "spriteSourceSize": {
        "x": 0,
        "y": 0,
        "w": 78,
        "h": 78
      },
      "sourceSize": {
        "w": 78,
        "h": 78
      }
    },
    "btn_no_disable": {
      "trimmed": true,
      "rotated": false,
      "frame": {
        "x": 731,
        "y": 174,
        "w": 107,
        "h": 108
      },
      "spriteSourceSize": {
        "x": 0,
        "y": 0,
        "w": 107,
        "h": 108
      },
      "sourceSize": {
        "w": 107,
        "h": 108
      }
    },
    "btn_no_effect": {
      "trimmed": true,
      "rotated": false,
      "frame": {
        "x": 848,
        "y": 298,
        "w": 78,
        "h": 78
      },
      "spriteSourceSize": {
        "x": 0,
        "y": 0,
        "w": 78,
        "h": 78
      },
      "sourceSize": {
        "w": 78,
        "h": 78
      }
    },
    "btn_off": {
      "trimmed": true,
      "rotated": false,
      "frame": {
        "x": 506,
        "y": 64,
        "w": 223,
        "h": 108
      },
      "spriteSourceSize": {
        "x": 0,
        "y": 0,
        "w": 223,
        "h": 108
      },
      "sourceSize": {
        "w": 223,
        "h": 108
      }
    },
    "btn_on": {
      "trimmed": true,
      "rotated": false,
      "frame": {
        "x": 731,
        "y": 64,
        "w": 223,
        "h": 108
      },
      "spriteSourceSize": {
        "x": 0,
        "y": 0,
        "w": 223,
        "h": 108
      },
      "sourceSize": {
        "w": 223,
        "h": 108
      }
    },
    "btn_pause": {
      "trimmed": true,
      "rotated": false,
      "frame": {
        "x": 870,
        "y": 450,
        "w": 82,
        "h": 83
      },
      "spriteSourceSize": {
        "x": 0,
        "y": 0,
        "w": 82,
        "h": 83
      },
      "sourceSize": {
        "w": 82,
        "h": 83
      }
    },
    "btn_start": {
      "trimmed": true,
      "rotated": false,
      "frame": {
        "x": 506,
        "y": 661,
        "w": 401,
        "h": 156
      },
      "spriteSourceSize": {
        "x": 0,
        "y": 0,
        "w": 401,
        "h": 156
      },
      "sourceSize": {
        "w": 401,
        "h": 156
      }
    },
    "check": {
      "trimmed": true,
      "rotated": false,
      "frame": {
        "x": 954,
        "y": 490,
        "w": 53,
        "h": 43
      },
      "spriteSourceSize": {
        "x": 0,
        "y": 0,
        "w": 53,
        "h": 43
      },
      "sourceSize": {
        "w": 53,
        "h": 43
      }
    },
    "check_result": {
      "trimmed": true,
      "rotated": false,
      "frame": {
        "x": 928,
        "y": 300,
        "w": 76,
        "h": 76
      },
      "spriteSourceSize": {
        "x": 0,
        "y": 0,
        "w": 76,
        "h": 76
      },
      "sourceSize": {
        "w": 76,
        "h": 76
      }
    },
    "clock": {
      "trimmed": true,
      "rotated": false,
      "frame": {
        "x": 911,
        "y": 12,
        "w": 49,
        "h": 50
      },
      "spriteSourceSize": {
        "x": 0,
        "y": 0,
        "w": 49,
        "h": 50
      },
      "sourceSize": {
        "w": 49,
        "h": 50
      }
    },
    "delete": {
      "trimmed": true,
      "rotated": false,
      "frame": {
        "x": 954,
        "y": 439,
        "w": 49,
        "h": 49
      },
      "spriteSourceSize": {
        "x": 0,
        "y": 0,
        "w": 49,
        "h": 49
      },
      "sourceSize": {
        "w": 49,
        "h": 49
      }
    },
    "memo": {
      "trimmed": true,
      "rotated": false,
      "frame": {
        "x": 920,
        "y": 234,
        "w": 62,
        "h": 62
      },
      "spriteSourceSize": {
        "x": 0,
        "y": 0,
        "w": 62,
        "h": 62
      },
      "sourceSize": {
        "w": 62,
        "h": 62
      }
    },
    "new": {
      "trimmed": true,
      "rotated": false,
      "frame": {
        "x": 848,
        "y": 378,
        "w": 103,
        "h": 70
      },
      "spriteSourceSize": {
        "x": 0,
        "y": 0,
        "w": 103,
        "h": 70
      },
      "sourceSize": {
        "w": 103,
        "h": 70
      }
    },
    "panel_level_easy": {
      "trimmed": true,
      "rotated": false,
      "frame": {
        "x": 2,
        "y": 563,
        "w": 502,
        "h": 254
      },
      "spriteSourceSize": {
        "x": 0,
        "y": 0,
        "w": 502,
        "h": 254
      },
      "sourceSize": {
        "w": 502,
        "h": 254
      }
    },
    "panel_level_hard": {
      "trimmed": true,
      "rotated": false,
      "frame": {
        "x": 2,
        "y": 307,
        "w": 502,
        "h": 254
      },
      "spriteSourceSize": {
        "x": 0,
        "y": 0,
        "w": 502,
        "h": 254
      },
      "sourceSize": {
        "w": 502,
        "h": 254
      }
    },
    "panel_level_normal": {
      "trimmed": true,
      "rotated": false,
      "frame": {
        "x": 2,
        "y": 51,
        "w": 502,
        "h": 254
      },
      "spriteSourceSize": {
        "x": 0,
        "y": 0,
        "w": 502,
        "h": 254
      },
      "sourceSize": {
        "w": 502,
        "h": 254
      }
    },
    "popup_info": {
      "trimmed": true,
      "rotated": false,
      "frame": {
        "x": 506,
        "y": 359,
        "w": 340,
        "h": 90
      },
      "spriteSourceSize": {
        "x": 0,
        "y": 0,
        "w": 340,
        "h": 90
      },
      "sourceSize": {
        "w": 340,
        "h": 90
      }
    },
    "selected_memo": {
      "trimmed": true,
      "rotated": false,
      "frame": {
        "x": 909,
        "y": 627,
        "w": 90,
        "h": 90
      },
      "spriteSourceSize": {
        "x": 0,
        "y": 0,
        "w": 90,
        "h": 90
      },
      "sourceSize": {
        "w": 90,
        "h": 90
      }
    },
    "selected_no": {
      "trimmed": true,
      "rotated": false,
      "frame": {
        "x": 870,
        "y": 535,
        "w": 90,
        "h": 90
      },
      "spriteSourceSize": {
        "x": 0,
        "y": 0,
        "w": 90,
        "h": 90
      },
      "sourceSize": {
        "w": 90,
        "h": 90
      }
    },
    "star": {
      "trimmed": true,
      "rotated": false,
      "frame": {
        "x": 962,
        "y": 581,
        "w": 45,
        "h": 44
      },
      "spriteSourceSize": {
        "x": 0,
        "y": 0,
        "w": 45,
        "h": 44
      },
      "sourceSize": {
        "w": 45,
        "h": 44
      }
    },
    "text_check": {
      "trimmed": true,
      "rotated": false,
      "frame": {
        "x": 764,
        "y": 13,
        "w": 93,
        "h": 49
      },
      "spriteSourceSize": {
        "x": 0,
        "y": 0,
        "w": 93,
        "h": 49
      },
      "sourceSize": {
        "w": 93,
        "h": 49
      }
    },
    "text_confirm": {
      "trimmed": true,
      "rotated": false,
      "frame": {
        "x": 404,
        "y": 9,
        "w": 79,
        "h": 40
      },
      "spriteSourceSize": {
        "x": 0,
        "y": 0,
        "w": 79,
        "h": 40
      },
      "sourceSize": {
        "w": 79,
        "h": 40
      }
    },
    "text_delete": {
      "trimmed": true,
      "rotated": false,
      "frame": {
        "x": 2,
        "y": 2,
        "w": 93,
        "h": 47
      },
      "spriteSourceSize": {
        "x": 0,
        "y": 0,
        "w": 93,
        "h": 47
      },
      "sourceSize": {
        "w": 93,
        "h": 47
      }
    },
    "text_memo": {
      "trimmed": true,
      "rotated": false,
      "frame": {
        "x": 190,
        "y": 2,
        "w": 91,
        "h": 47
      },
      "spriteSourceSize": {
        "x": 0,
        "y": 0,
        "w": 91,
        "h": 47
      },
      "sourceSize": {
        "w": 91,
        "h": 47
      }
    },
    "text_memo_on": {
      "trimmed": true,
      "rotated": false,
      "frame": {
        "x": 97,
        "y": 2,
        "w": 91,
        "h": 47
      },
      "spriteSourceSize": {
        "x": 0,
        "y": 0,
        "w": 91,
        "h": 47
      },
      "sourceSize": {
        "w": 91,
        "h": 47
      }
    },
    "text_restart": {
      "trimmed": true,
      "rotated": false,
      "frame": {
        "x": 506,
        "y": 14,
        "w": 194,
        "h": 48
      },
      "spriteSourceSize": {
        "x": 0,
        "y": 0,
        "w": 194,
        "h": 48
      },
      "sourceSize": {
        "w": 194,
        "h": 48
      }
    },
    "trophy_1": {
      "trimmed": true,
      "rotated": false,
      "frame": {
        "x": 859,
        "y": 12,
        "w": 50,
        "h": 50
      },
      "spriteSourceSize": {
        "x": 0,
        "y": 0,
        "w": 50,
        "h": 50
      },
      "sourceSize": {
        "w": 50,
        "h": 50
      }
    },
    "trophy_2": {
      "trimmed": true,
      "rotated": false,
      "frame": {
        "x": 962,
        "y": 535,
        "w": 44,
        "h": 44
      },
      "spriteSourceSize": {
        "x": 0,
        "y": 0,
        "w": 44,
        "h": 44
      },
      "sourceSize": {
        "w": 44,
        "h": 44
      }
    },
    "tutorial_arrow": {
      "trimmed": true,
      "rotated": false,
      "frame": {
        "x": 283,
        "y": 4,
        "w": 119,
        "h": 45
      },
      "spriteSourceSize": {
        "x": 0,
        "y": 0,
        "w": 119,
        "h": 45
      },
      "sourceSize": {
        "w": 119,
        "h": 45
      }
    },
    "wrong_box": {
      "trimmed": true,
      "rotated": false,
      "frame": {
        "x": 909,
        "y": 719,
        "w": 98,
        "h": 98
      },
      "spriteSourceSize": {
        "x": 0,
        "y": 0,
        "w": 98,
        "h": 98
      },
      "sourceSize": {
        "w": 98,
        "h": 98
      }
    },
    "wrong_line": {
      "trimmed": true,
      "rotated": false,
      "frame": {
        "x": 870,
        "y": 649,
        "w": 18,
        "h": 10
      },
      "spriteSourceSize": {
        "x": 0,
        "y": 0,
        "w": 18,
        "h": 10
      },
      "sourceSize": {
        "w": 18,
        "h": 10
      }
    }
  },
  "meta": {
    "app": "Phaser Editor",
    "version": "1",
    "image": "data01.png"
  }
}