{"frames": {

"china_building_0001.png":
{
	"frame": {"x":1,"y":1,"w":890,"h":1105},
	"rotated": false,
	"trimmed": false,
	"spriteSourceSize": {"x":0,"y":0,"w":890,"h":1105},
	"sourceSize": {"w":890,"h":1105}
},
"china_building_0002.png":
{
	"frame": {"x":893,"y":1,"w":890,"h":1105},
	"rotated": false,
	"trimmed": false,
	"spriteSourceSize": {"x":0,"y":0,"w":890,"h":1105},
	"sourceSize": {"w":890,"h":1105}
}},
"meta": {
	"app": "http://www.codeandweb.com/texturepacker",
	"version": "1.0",
	"image": "chinaBuilding.png",
	"format": "RGBA8888",
	"size": {"w":1784,"h":1107},
	"scale": "1",
	"smartupdate": "$TexturePacker:SmartUpdate:e37c65f9c61d1c3b299ddd3cbba9fa13:17749988843d5d1fe0f1a2d9e418e868:3909c4e93180edd86df420664ff5b82d$"
}
}
