{"frames": {

"korea_building_0001.png":
{
	"frame": {"x":1,"y":1,"w":890,"h":1105},
	"rotated": false,
	"trimmed": false,
	"spriteSourceSize": {"x":0,"y":0,"w":890,"h":1105},
	"sourceSize": {"w":890,"h":1105}
},
"korea_building_0002.png":
{
	"frame": {"x":893,"y":1,"w":890,"h":1105},
	"rotated": false,
	"trimmed": false,
	"spriteSourceSize": {"x":0,"y":0,"w":890,"h":1105},
	"sourceSize": {"w":890,"h":1105}
}},
"meta": {
	"app": "http://www.codeandweb.com/texturepacker",
	"version": "1.0",
	"image": "koreaBuilding.png",
	"format": "RGBA8888",
	"size": {"w":1784,"h":1107},
	"scale": "1",
	"smartupdate": "$TexturePacker:SmartUpdate:f107df5fdd7cb4bf523d4edf61133092:8467c70bc97ff28f669bffc188529139:85aa45742a3fc8237f620bb28860cd9f$"
}
}
