{
"skeleton": { "hash": "SE/X3fVTaGe3or/k43punpWinvY", "spine": "3.6.52", "width": 0, "height": 0, "images": "./resource/" },
"bones": [
	{ "name": "root" },
	{ "name": "normal_slot_slow", "parent": "root" },
	{ "name": "icon_slow", "parent": "normal_slot_slow", "y": 14 },
	{ "name": "text_equip", "parent": "normal_slot_slow" },
	{ "name": "text_shield_count", "parent": "normal_slot_slow", "y": -43 },
	{ "name": "text_slow", "parent": "root", "y": 98 },
	{ "name": "text_slow_count", "parent": "normal_slot_slow", "y": -43 },
	{ "name": "text_time_count", "parent": "normal_slot_slow", "y": -43 }
],
"slots": [
	{ "name": "normal_slot_slow", "bone": "normal_slot_slow" },
	{ "name": "icon_slow", "bone": "icon_slow" },
	{ "name": "text_slow_count", "bone": "text_slow_count" },
	{ "name": "text_shield_count", "bone": "text_shield_count" },
	{ "name": "text_time_count", "bone": "text_time_count" },
	{ "name": "text_slow", "bone": "text_slow" },
	{ "name": "text_equip", "bone": "text_equip" }
],
"skins": {
	"default": {
		"icon_slow": {
			"icon_shield": { "width": 75, "height": 78 },
			"icon_slow": { "width": 75, "height": 78 },
			"icon_time": { "width": 75, "height": 78 }
		},
		"normal_slot_slow": {
			"equip_slot": { "width": 157, "height": 157 },
			"normal_slot": { "width": 148, "height": 148 }
		},
		"text_equip": {
			"text_equip": { "y": 68, "width": 79, "height": 28 }
		},
		"text_shield_count": {
			"text_shield_count": { "width": 19, "height": 19 }
		},
		"text_slow": {
			"text_shield_big": { "width": 170, "height": 32 },
			"text_slow_big": { "width": 170, "height": 32 },
			"text_time_big": { "width": 170, "height": 32 }
		},
		"text_slow_count": {
			"text_slow_count": { "width": 19, "height": 19 }
		},
		"text_time_count": {
			"text_time_count": { "width": 19, "height": 19 }
		}
	}
},
"animations": {
	"shield_equip": {
		"slots": {
			"icon_slow": {
				"color": [
					{ "time": 0, "color": "ffffffff", "curve": "stepped" },
					{ "time": 0.2333, "color": "ffffffff" }
				],
				"attachment": [
					{ "time": 0, "name": "icon_shield" },
					{ "time": 0.2333, "name": "icon_shield" }
				]
			},
			"normal_slot_slow": {
				"color": [
					{ "time": 0, "color": "ffffffff", "curve": "stepped" },
					{ "time": 0.2333, "color": "ffffffff" }
				],
				"attachment": [
					{ "time": 0, "name": "normal_slot" },
					{ "time": 0.0667, "name": "equip_slot" },
					{ "time": 0.2333, "name": "equip_slot" }
				]
			},
			"text_equip": {
				"color": [
					{ "time": 0, "color": "ffffff00", "curve": "stepped" },
					{ "time": 0.1333, "color": "ffffff00" },
					{ "time": 0.2333, "color": "ffffffff" }
				],
				"attachment": [
					{ "time": 0, "name": "text_equip" },
					{ "time": 0.2333, "name": "text_equip" }
				]
			},
			"text_shield_count": {
				"color": [
					{ "time": 0, "color": "ffffffff", "curve": "stepped" },
					{ "time": 0.2333, "color": "ffffffff" }
				],
				"attachment": [
					{ "time": 0, "name": "text_shield_count" },
					{ "time": 0.2333, "name": "text_shield_count" }
				]
			},
			"text_slow": {
				"color": [
					{ "time": 0, "color": "ffffffff", "curve": "stepped" },
					{ "time": 0.2333, "color": "ffffffff" }
				],
				"attachment": [
					{ "time": 0, "name": "text_shield_big" },
					{ "time": 0.2333, "name": "text_shield_big" }
				]
			},
			"text_slow_count": {
				"color": [
					{ "time": 0, "color": "ffffffff", "curve": "stepped" },
					{ "time": 0.2333, "color": "ffffffff" }
				],
				"attachment": [
					{ "time": 0, "name": null },
					{ "time": 0.2333, "name": null }
				]
			},
			"text_time_count": {
				"color": [
					{ "time": 0, "color": "ffffffff", "curve": "stepped" },
					{ "time": 0.2333, "color": "ffffffff" }
				],
				"attachment": [
					{ "time": 0, "name": null },
					{ "time": 0.2333, "name": null }
				]
			}
		},
		"bones": {
			"text_equip": {
				"rotate": [
					{ "time": 0, "angle": 53.7, "curve": "stepped" },
					{
						"time": 0.1333,
						"angle": 53.7,
						"curve": [ 0.25, 0, 0.75, 1 ]
					},
					{ "time": 0.2333, "angle": 0 }
				],
				"translate": [
					{ "time": 0, "x": 0, "y": 0, "curve": "stepped" },
					{ "time": 0.2333, "x": 0, "y": 0 }
				],
				"scale": [
					{ "time": 0, "x": 1, "y": 1, "curve": "stepped" },
					{ "time": 0.2333, "x": 1, "y": 1 }
				]
			},
			"icon_slow": {
				"rotate": [
					{ "time": 0, "angle": 0, "curve": "stepped" },
					{ "time": 0.2333, "angle": 0 }
				],
				"translate": [
					{ "time": 0, "x": 0, "y": 0, "curve": "stepped" },
					{ "time": 0.2333, "x": 0, "y": 0 }
				],
				"scale": [
					{ "time": 0, "x": 1, "y": 1, "curve": "stepped" },
					{ "time": 0.2333, "x": 1, "y": 1 }
				]
			},
			"text_slow": {
				"rotate": [
					{ "time": 0, "angle": 0, "curve": "stepped" },
					{ "time": 0.2333, "angle": 0 }
				],
				"translate": [
					{ "time": 0, "x": 0, "y": 0 },
					{ "time": 0.1333, "x": 0, "y": 7.53, "curve": "stepped" },
					{ "time": 0.2333, "x": 0, "y": 7.53 }
				],
				"scale": [
					{ "time": 0, "x": 0.7, "y": 0.7 },
					{ "time": 0.1333, "x": 1, "y": 1, "curve": "stepped" },
					{ "time": 0.2333, "x": 1, "y": 1 }
				]
			},
			"normal_slot_slow": {
				"rotate": [
					{ "time": 0, "angle": 0, "curve": "stepped" },
					{ "time": 0.2333, "angle": 0 }
				],
				"translate": [
					{ "time": 0, "x": 0, "y": 0, "curve": "stepped" },
					{ "time": 0.2333, "x": 0, "y": 0 }
				],
				"scale": [
					{ "time": 0, "x": 1, "y": 1 },
					{ "time": 0.1333, "x": 1.05, "y": 1.05, "curve": "stepped" },
					{ "time": 0.2333, "x": 1.05, "y": 1.05 }
				]
			},
			"text_shield_count": {
				"rotate": [
					{ "time": 0, "angle": 0, "curve": "stepped" },
					{ "time": 0.2333, "angle": 0 }
				],
				"translate": [
					{ "time": 0, "x": 0, "y": 0, "curve": "stepped" },
					{ "time": 0.2333, "x": 0, "y": 0 }
				],
				"scale": [
					{ "time": 0, "x": 1, "y": 1, "curve": "stepped" },
					{ "time": 0.2333, "x": 1, "y": 1 }
				]
			},
			"text_time_count": {
				"rotate": [
					{ "time": 0, "angle": 0, "curve": "stepped" },
					{ "time": 0.2333, "angle": 0 }
				],
				"translate": [
					{ "time": 0, "x": 0, "y": 0, "curve": "stepped" },
					{ "time": 0.2333, "x": 0, "y": 0 }
				],
				"scale": [
					{ "time": 0, "x": 1, "y": 1, "curve": "stepped" },
					{ "time": 0.2333, "x": 1, "y": 1 }
				]
			},
			"text_slow_count": {
				"rotate": [
					{ "time": 0, "angle": 0, "curve": "stepped" },
					{ "time": 0.2333, "angle": 0 }
				],
				"translate": [
					{ "time": 0, "x": 0, "y": 0, "curve": "stepped" },
					{ "time": 0.2333, "x": 0, "y": 0 }
				],
				"scale": [
					{ "time": 0, "x": 1, "y": 1, "curve": "stepped" },
					{ "time": 0.2333, "x": 1, "y": 1 }
				]
			}
		}
	},
	"shield_equip_idle": {
		"slots": {
			"icon_slow": {
				"color": [
					{ "time": 0, "color": "ffffffff", "curve": "stepped" },
					{ "time": 1.3333, "color": "ffffffff" }
				],
				"attachment": [
					{ "time": 0, "name": "icon_shield" },
					{ "time": 1.3333, "name": "icon_shield" }
				]
			},
			"normal_slot_slow": {
				"color": [
					{ "time": 0, "color": "ffffffff", "curve": "stepped" },
					{ "time": 1.3333, "color": "ffffffff" }
				],
				"attachment": [
					{ "time": 0, "name": "equip_slot" },
					{ "time": 1.3333, "name": "equip_slot" }
				]
			},
			"text_equip": {
				"color": [
					{ "time": 0, "color": "ffffffff", "curve": "stepped" },
					{ "time": 1.3333, "color": "ffffffff" }
				],
				"attachment": [
					{ "time": 0, "name": "text_equip" },
					{ "time": 1.3333, "name": "text_equip" }
				]
			},
			"text_shield_count": {
				"color": [
					{ "time": 0, "color": "ffffffff", "curve": "stepped" },
					{ "time": 1.3333, "color": "ffffffff" }
				],
				"attachment": [
					{ "time": 0, "name": "text_shield_count" },
					{ "time": 1.3333, "name": "text_shield_count" }
				]
			},
			"text_slow": {
				"color": [
					{ "time": 0, "color": "ffffffff", "curve": "stepped" },
					{ "time": 1.3333, "color": "ffffffff" }
				],
				"attachment": [
					{ "time": 0, "name": "text_shield_big" },
					{ "time": 1.3333, "name": "text_shield_big" }
				]
			},
			"text_slow_count": {
				"color": [
					{ "time": 0, "color": "ffffffff", "curve": "stepped" },
					{ "time": 1.3333, "color": "ffffffff" }
				],
				"attachment": [
					{ "time": 0, "name": null },
					{ "time": 1.3333, "name": null }
				]
			},
			"text_time_count": {
				"color": [
					{ "time": 0, "color": "ffffffff", "curve": "stepped" },
					{ "time": 1.3333, "color": "ffffffff" }
				],
				"attachment": [
					{ "time": 0, "name": null },
					{ "time": 1.3333, "name": null }
				]
			}
		},
		"bones": {
			"text_equip": {
				"rotate": [
					{ "time": 0, "angle": 0, "curve": "stepped" },
					{ "time": 1.3333, "angle": 0 }
				],
				"translate": [
					{ "time": 0, "x": 0, "y": 0, "curve": "stepped" },
					{ "time": 1.3333, "x": 0, "y": 0 }
				],
				"scale": [
					{ "time": 0, "x": 1, "y": 1, "curve": "stepped" },
					{ "time": 1.3333, "x": 1, "y": 1 }
				]
			},
			"icon_slow": {
				"rotate": [
					{ "time": 0, "angle": 0, "curve": "stepped" },
					{ "time": 1.3333, "angle": 0 }
				],
				"translate": [
					{ "time": 0, "x": 0, "y": 0 },
					{ "time": 0.6667, "x": 0, "y": 7.81 },
					{ "time": 1.3333, "x": 0, "y": 0 }
				],
				"scale": [
					{ "time": 0, "x": 1, "y": 1, "curve": "stepped" },
					{ "time": 1.3333, "x": 1, "y": 1 }
				]
			},
			"text_slow": {
				"rotate": [
					{ "time": 0, "angle": 0, "curve": "stepped" },
					{ "time": 1.3333, "angle": 0 }
				],
				"translate": [
					{ "time": 0, "x": 0, "y": 7.53, "curve": "stepped" },
					{ "time": 1.3333, "x": 0, "y": 7.53 }
				],
				"scale": [
					{ "time": 0, "x": 1, "y": 1, "curve": "stepped" },
					{ "time": 1.3333, "x": 1, "y": 1 }
				]
			},
			"normal_slot_slow": {
				"rotate": [
					{ "time": 0, "angle": 0, "curve": "stepped" },
					{ "time": 1.3333, "angle": 0 }
				],
				"translate": [
					{ "time": 0, "x": 0, "y": 0, "curve": "stepped" },
					{ "time": 1.3333, "x": 0, "y": 0 }
				],
				"scale": [
					{ "time": 0, "x": 1.05, "y": 1.05, "curve": "stepped" },
					{ "time": 1.3333, "x": 1.05, "y": 1.05 }
				]
			},
			"text_shield_count": {
				"rotate": [
					{ "time": 0, "angle": 0, "curve": "stepped" },
					{ "time": 1.3333, "angle": 0 }
				],
				"translate": [
					{ "time": 0, "x": 0, "y": 0, "curve": "stepped" },
					{ "time": 1.3333, "x": 0, "y": 0 }
				],
				"scale": [
					{ "time": 0, "x": 1, "y": 1, "curve": "stepped" },
					{ "time": 1.3333, "x": 1, "y": 1 }
				]
			},
			"text_time_count": {
				"rotate": [
					{ "time": 0, "angle": 0, "curve": "stepped" },
					{ "time": 1.3333, "angle": 0 }
				],
				"translate": [
					{ "time": 0, "x": 0, "y": 0, "curve": "stepped" },
					{ "time": 1.3333, "x": 0, "y": 0 }
				],
				"scale": [
					{ "time": 0, "x": 1, "y": 1, "curve": "stepped" },
					{ "time": 1.3333, "x": 1, "y": 1 }
				]
			},
			"text_slow_count": {
				"rotate": [
					{ "time": 0, "angle": 0, "curve": "stepped" },
					{ "time": 1.3333, "angle": 0 }
				],
				"translate": [
					{ "time": 0, "x": 0, "y": 0, "curve": "stepped" },
					{ "time": 1.3333, "x": 0, "y": 0 }
				],
				"scale": [
					{ "time": 0, "x": 1, "y": 1, "curve": "stepped" },
					{ "time": 1.3333, "x": 1, "y": 1 }
				]
			}
		}
	},
	"shield_idle": {
		"slots": {
			"icon_slow": {
				"color": [
					{ "time": 0, "color": "ffffffff", "curve": "stepped" },
					{ "time": 1.3333, "color": "ffffffff" }
				],
				"attachment": [
					{ "time": 0, "name": "icon_shield" },
					{ "time": 1.3333, "name": "icon_shield" }
				]
			},
			"normal_slot_slow": {
				"color": [
					{ "time": 0, "color": "ffffffff", "curve": "stepped" },
					{ "time": 1.3333, "color": "ffffffff" }
				],
				"attachment": [
					{ "time": 0, "name": "normal_slot" },
					{ "time": 1.3333, "name": "normal_slot" }
				]
			},
			"text_equip": {
				"color": [
					{ "time": 0, "color": "ffffffff", "curve": "stepped" },
					{ "time": 1.3333, "color": "ffffffff" }
				],
				"attachment": [
					{ "time": 0, "name": null },
					{ "time": 1.3333, "name": null }
				]
			},
			"text_shield_count": {
				"color": [
					{ "time": 0, "color": "ffffffff", "curve": "stepped" },
					{ "time": 1.3333, "color": "ffffffff" }
				],
				"attachment": [
					{ "time": 0, "name": "text_shield_count" },
					{ "time": 1.3333, "name": "text_shield_count" }
				]
			},
			"text_slow": {
				"color": [
					{ "time": 0, "color": "ffffffff", "curve": "stepped" },
					{ "time": 1.3333, "color": "ffffffff" }
				],
				"attachment": [
					{ "time": 0, "name": "text_shield_big" },
					{ "time": 1.3333, "name": "text_shield_big" }
				]
			},
			"text_slow_count": {
				"color": [
					{ "time": 0, "color": "ffffffff", "curve": "stepped" },
					{ "time": 1.3333, "color": "ffffffff" }
				],
				"attachment": [
					{ "time": 0, "name": null },
					{ "time": 1.3333, "name": null }
				]
			},
			"text_time_count": {
				"color": [
					{ "time": 0, "color": "ffffffff", "curve": "stepped" },
					{ "time": 1.3333, "color": "ffffffff" }
				],
				"attachment": [
					{ "time": 0, "name": null },
					{ "time": 1.3333, "name": null }
				]
			}
		},
		"bones": {
			"text_slow": {
				"rotate": [
					{ "time": 0, "angle": 0, "curve": "stepped" },
					{ "time": 1.3333, "angle": 0 }
				],
				"translate": [
					{ "time": 0, "x": 0, "y": 0, "curve": "stepped" },
					{ "time": 1.3333, "x": 0, "y": 0 }
				],
				"scale": [
					{ "time": 0, "x": 0.7, "y": 0.7, "curve": "stepped" },
					{ "time": 1.3333, "x": 0.7, "y": 0.7 }
				]
			},
			"text_equip": {
				"rotate": [
					{ "time": 0, "angle": 0, "curve": "stepped" },
					{ "time": 1.3333, "angle": 0 }
				],
				"translate": [
					{ "time": 0, "x": 0, "y": 0, "curve": "stepped" },
					{ "time": 1.3333, "x": 0, "y": 0 }
				],
				"scale": [
					{ "time": 0, "x": 1, "y": 1, "curve": "stepped" },
					{ "time": 1.3333, "x": 1, "y": 1 }
				]
			},
			"icon_slow": {
				"rotate": [
					{ "time": 0, "angle": 0, "curve": "stepped" },
					{ "time": 1.3333, "angle": 0 }
				],
				"translate": [
					{ "time": 0, "x": 0, "y": 0 },
					{ "time": 0.6667, "x": 0, "y": 10.17 },
					{ "time": 1.3333, "x": 0, "y": 0 }
				],
				"scale": [
					{ "time": 0, "x": 1, "y": 1, "curve": "stepped" },
					{ "time": 1.3333, "x": 1, "y": 1 }
				]
			},
			"normal_slot_slow": {
				"rotate": [
					{ "time": 0, "angle": 0, "curve": "stepped" },
					{ "time": 1.3333, "angle": 0 }
				],
				"translate": [
					{ "time": 0, "x": 0, "y": 0, "curve": "stepped" },
					{ "time": 1.3333, "x": 0, "y": 0 }
				],
				"scale": [
					{ "time": 0, "x": 1, "y": 1, "curve": "stepped" },
					{ "time": 1.3333, "x": 1, "y": 1 }
				]
			},
			"text_time_count": {
				"rotate": [
					{ "time": 0, "angle": 0, "curve": "stepped" },
					{ "time": 1.3333, "angle": 0 }
				],
				"translate": [
					{ "time": 0, "x": 0, "y": 0, "curve": "stepped" },
					{ "time": 1.3333, "x": 0, "y": 0 }
				],
				"scale": [
					{ "time": 0, "x": 1, "y": 1 },
					{ "time": 0.6667, "x": 1.2, "y": 1.2 },
					{ "time": 1.3333, "x": 1, "y": 1 }
				]
			},
			"text_shield_count": {
				"rotate": [
					{ "time": 0, "angle": 0, "curve": "stepped" },
					{ "time": 1.3333, "angle": 0 }
				],
				"translate": [
					{ "time": 0, "x": 0, "y": 0, "curve": "stepped" },
					{ "time": 1.3333, "x": 0, "y": 0 }
				],
				"scale": [
					{ "time": 0, "x": 1, "y": 1 },
					{ "time": 0.6667, "x": 1.2, "y": 1.2 },
					{ "time": 1.3333, "x": 1, "y": 1 }
				]
			},
			"text_slow_count": {
				"rotate": [
					{ "time": 0, "angle": 0, "curve": "stepped" },
					{ "time": 1.3333, "angle": 0 }
				],
				"translate": [
					{ "time": 0, "x": 0, "y": 0, "curve": "stepped" },
					{ "time": 1.3333, "x": 0, "y": 0 }
				],
				"scale": [
					{ "time": 0, "x": 1, "y": 1, "curve": "stepped" },
					{ "time": 1.3333, "x": 1, "y": 1 }
				]
			}
		}
	},
	"shield_unequip": {
		"slots": {
			"icon_slow": {
				"color": [
					{ "time": 0, "color": "ffffffff", "curve": "stepped" },
					{ "time": 0.2, "color": "ffffffff" }
				],
				"attachment": [
					{ "time": 0, "name": "icon_shield" },
					{ "time": 0.2, "name": "icon_shield" }
				]
			},
			"normal_slot_slow": {
				"color": [
					{ "time": 0, "color": "ffffffff", "curve": "stepped" },
					{ "time": 0.2, "color": "ffffffff" }
				],
				"attachment": [
					{ "time": 0, "name": "equip_slot" },
					{ "time": 0.1, "name": "normal_slot" },
					{ "time": 0.2, "name": "normal_slot" }
				]
			},
			"text_equip": {
				"color": [
					{ "time": 0, "color": "ffffffff" },
					{ "time": 0.1667, "color": "ffffff00", "curve": "stepped" },
					{ "time": 0.2, "color": "ffffff00" }
				],
				"attachment": [
					{ "time": 0, "name": "text_equip" },
					{ "time": 0.2, "name": "text_equip" }
				]
			},
			"text_shield_count": {
				"color": [
					{ "time": 0, "color": "ffffffff", "curve": "stepped" },
					{ "time": 0.2, "color": "ffffffff" }
				],
				"attachment": [
					{ "time": 0, "name": "text_shield_count" },
					{ "time": 0.2, "name": "text_shield_count" }
				]
			},
			"text_slow": {
				"color": [
					{ "time": 0, "color": "ffffffff", "curve": "stepped" },
					{ "time": 0.2, "color": "ffffffff" }
				],
				"attachment": [
					{ "time": 0, "name": "text_shield_big" },
					{ "time": 0.2, "name": "text_shield_big" }
				]
			},
			"text_slow_count": {
				"color": [
					{ "time": 0, "color": "ffffffff", "curve": "stepped" },
					{ "time": 0.2, "color": "ffffffff" }
				],
				"attachment": [
					{ "time": 0, "name": null },
					{ "time": 0.2, "name": null }
				]
			},
			"text_time_count": {
				"color": [
					{ "time": 0, "color": "ffffffff", "curve": "stepped" },
					{ "time": 0.2, "color": "ffffffff" }
				],
				"attachment": [
					{ "time": 0, "name": null },
					{ "time": 0.2, "name": null }
				]
			}
		},
		"bones": {
			"text_equip": {
				"rotate": [
					{
						"time": 0,
						"angle": 0,
						"curve": [ 0.25, 0, 0.75, 1 ]
					},
					{ "time": 0.1667, "angle": -53.7, "curve": "stepped" },
					{ "time": 0.2, "angle": -53.7 }
				],
				"translate": [
					{ "time": 0, "x": 0, "y": 0, "curve": "stepped" },
					{ "time": 0.2, "x": 0, "y": 0 }
				],
				"scale": [
					{ "time": 0, "x": 1, "y": 1, "curve": "stepped" },
					{ "time": 0.2, "x": 1, "y": 1 }
				]
			},
			"icon_slow": {
				"rotate": [
					{ "time": 0, "angle": 0, "curve": "stepped" },
					{ "time": 0.2, "angle": 0 }
				],
				"translate": [
					{ "time": 0, "x": 0, "y": 0, "curve": "stepped" },
					{ "time": 0.2, "x": 0, "y": 0 }
				],
				"scale": [
					{ "time": 0, "x": 1, "y": 1, "curve": "stepped" },
					{ "time": 0.2, "x": 1, "y": 1 }
				]
			},
			"text_slow": {
				"rotate": [
					{ "time": 0, "angle": 0, "curve": "stepped" },
					{ "time": 0.2, "angle": 0 }
				],
				"translate": [
					{ "time": 0, "x": 0, "y": 7.53 },
					{ "time": 0.1333, "x": 0, "y": 0, "curve": "stepped" },
					{ "time": 0.2, "x": 0, "y": 0 }
				],
				"scale": [
					{ "time": 0, "x": 1, "y": 1 },
					{ "time": 0.1333, "x": 0.7, "y": 0.7, "curve": "stepped" },
					{ "time": 0.2, "x": 0.7, "y": 0.7 }
				]
			},
			"normal_slot_slow": {
				"rotate": [
					{ "time": 0, "angle": 0, "curve": "stepped" },
					{ "time": 0.2, "angle": 0 }
				],
				"translate": [
					{ "time": 0, "x": 0, "y": 0, "curve": "stepped" },
					{ "time": 0.2, "x": 0, "y": 0 }
				],
				"scale": [
					{ "time": 0, "x": 1.05, "y": 1.05 },
					{ "time": 0.2, "x": 1, "y": 1 }
				]
			},
			"text_time_count": {
				"rotate": [
					{ "time": 0, "angle": 0, "curve": "stepped" },
					{ "time": 0.2, "angle": 0 }
				],
				"translate": [
					{ "time": 0, "x": 0, "y": 0, "curve": "stepped" },
					{ "time": 0.2, "x": 0, "y": 0 }
				],
				"scale": [
					{ "time": 0, "x": 1, "y": 1, "curve": "stepped" },
					{ "time": 0.2, "x": 1, "y": 1 }
				]
			},
			"text_shield_count": {
				"rotate": [
					{ "time": 0, "angle": 0, "curve": "stepped" },
					{ "time": 0.2, "angle": 0 }
				],
				"translate": [
					{ "time": 0, "x": 0, "y": 0, "curve": "stepped" },
					{ "time": 0.2, "x": 0, "y": 0 }
				],
				"scale": [
					{ "time": 0, "x": 1, "y": 1, "curve": "stepped" },
					{ "time": 0.2, "x": 1, "y": 1 }
				]
			},
			"text_slow_count": {
				"rotate": [
					{ "time": 0, "angle": 0, "curve": "stepped" },
					{ "time": 0.2, "angle": 0 }
				],
				"translate": [
					{ "time": 0, "x": 0, "y": 0, "curve": "stepped" },
					{ "time": 0.2, "x": 0, "y": 0 }
				],
				"scale": [
					{ "time": 0, "x": 1, "y": 1, "curve": "stepped" },
					{ "time": 0.2, "x": 1, "y": 1 }
				]
			}
		}
	},
	"slow_equip": {
		"slots": {
			"icon_slow": {
				"color": [
					{ "time": 0, "color": "ffffffff", "curve": "stepped" },
					{ "time": 0.2333, "color": "ffffffff" }
				],
				"attachment": [
					{ "time": 0, "name": "icon_slow" },
					{ "time": 0.2333, "name": "icon_slow" }
				]
			},
			"normal_slot_slow": {
				"color": [
					{ "time": 0, "color": "ffffffff", "curve": "stepped" },
					{ "time": 0.2333, "color": "ffffffff" }
				],
				"attachment": [
					{ "time": 0, "name": "normal_slot" },
					{ "time": 0.0667, "name": "equip_slot" },
					{ "time": 0.2333, "name": "equip_slot" }
				]
			},
			"text_equip": {
				"color": [
					{ "time": 0, "color": "ffffff00", "curve": "stepped" },
					{ "time": 0.1333, "color": "ffffff00" },
					{ "time": 0.2333, "color": "ffffffff" }
				],
				"attachment": [
					{ "time": 0, "name": "text_equip" },
					{ "time": 0.2333, "name": "text_equip" }
				]
			},
			"text_shield_count": {
				"color": [
					{ "time": 0, "color": "ffffffff", "curve": "stepped" },
					{ "time": 0.2333, "color": "ffffffff" }
				],
				"attachment": [
					{ "time": 0, "name": null },
					{ "time": 0.2333, "name": null }
				]
			},
			"text_slow": {
				"color": [
					{ "time": 0, "color": "ffffffff", "curve": "stepped" },
					{ "time": 0.2333, "color": "ffffffff" }
				],
				"attachment": [
					{ "time": 0, "name": "text_slow_big" },
					{ "time": 0.2333, "name": "text_slow_big" }
				]
			},
			"text_slow_count": {
				"color": [
					{ "time": 0, "color": "ffffffff", "curve": "stepped" },
					{ "time": 0.2333, "color": "ffffffff" }
				],
				"attachment": [
					{ "time": 0, "name": "text_slow_count" },
					{ "time": 0.2333, "name": "text_slow_count" }
				]
			},
			"text_time_count": {
				"color": [
					{ "time": 0, "color": "ffffffff", "curve": "stepped" },
					{ "time": 0.2333, "color": "ffffffff" }
				],
				"attachment": [
					{ "time": 0, "name": null },
					{ "time": 0.2333, "name": null }
				]
			}
		},
		"bones": {
			"text_equip": {
				"rotate": [
					{ "time": 0, "angle": 53.7, "curve": "stepped" },
					{
						"time": 0.1333,
						"angle": 53.7,
						"curve": [ 0.25, 0, 0.75, 1 ]
					},
					{ "time": 0.2333, "angle": 0 }
				],
				"translate": [
					{ "time": 0, "x": 0, "y": 0, "curve": "stepped" },
					{ "time": 0.2333, "x": 0, "y": 0 }
				],
				"scale": [
					{ "time": 0, "x": 1, "y": 1, "curve": "stepped" },
					{ "time": 0.2333, "x": 1, "y": 1 }
				]
			},
			"text_slow_count": {
				"rotate": [
					{ "time": 0, "angle": 0, "curve": "stepped" },
					{ "time": 0.2333, "angle": 0 }
				],
				"translate": [
					{ "time": 0, "x": 0, "y": 0, "curve": "stepped" },
					{ "time": 0.2333, "x": 0, "y": 0 }
				],
				"scale": [
					{ "time": 0, "x": 1, "y": 1, "curve": "stepped" },
					{ "time": 0.2333, "x": 1, "y": 1 }
				]
			},
			"icon_slow": {
				"rotate": [
					{ "time": 0, "angle": 0, "curve": "stepped" },
					{ "time": 0.2333, "angle": 0 }
				],
				"translate": [
					{ "time": 0, "x": 0, "y": 0, "curve": "stepped" },
					{ "time": 0.2333, "x": 0, "y": 0 }
				],
				"scale": [
					{ "time": 0, "x": 1, "y": 1, "curve": "stepped" },
					{ "time": 0.2333, "x": 1, "y": 1 }
				]
			},
			"text_slow": {
				"rotate": [
					{ "time": 0, "angle": 0, "curve": "stepped" },
					{ "time": 0.2333, "angle": 0 }
				],
				"translate": [
					{ "time": 0, "x": 0, "y": 0 },
					{ "time": 0.1333, "x": 0, "y": 7.53, "curve": "stepped" },
					{ "time": 0.2333, "x": 0, "y": 7.53 }
				],
				"scale": [
					{ "time": 0, "x": 0.7, "y": 0.7 },
					{ "time": 0.1333, "x": 1, "y": 1, "curve": "stepped" },
					{ "time": 0.2333, "x": 1, "y": 1 }
				]
			},
			"normal_slot_slow": {
				"rotate": [
					{ "time": 0, "angle": 0, "curve": "stepped" },
					{ "time": 0.2333, "angle": 0 }
				],
				"translate": [
					{ "time": 0, "x": 0, "y": 0, "curve": "stepped" },
					{ "time": 0.2333, "x": 0, "y": 0 }
				],
				"scale": [
					{ "time": 0, "x": 1, "y": 1 },
					{ "time": 0.1333, "x": 1.05, "y": 1.05, "curve": "stepped" },
					{ "time": 0.2333, "x": 1.05, "y": 1.05 }
				]
			},
			"text_time_count": {
				"rotate": [
					{ "time": 0, "angle": 0, "curve": "stepped" },
					{ "time": 0.2333, "angle": 0 }
				],
				"translate": [
					{ "time": 0, "x": 0, "y": 0, "curve": "stepped" },
					{ "time": 0.2333, "x": 0, "y": 0 }
				],
				"scale": [
					{ "time": 0, "x": 1, "y": 1, "curve": "stepped" },
					{ "time": 0.2333, "x": 1, "y": 1 }
				]
			},
			"text_shield_count": {
				"rotate": [
					{ "time": 0, "angle": 0, "curve": "stepped" },
					{ "time": 0.2333, "angle": 0 }
				],
				"translate": [
					{ "time": 0, "x": 0, "y": 0, "curve": "stepped" },
					{ "time": 0.2333, "x": 0, "y": 0 }
				],
				"scale": [
					{ "time": 0, "x": 1, "y": 1, "curve": "stepped" },
					{ "time": 0.2333, "x": 1, "y": 1 }
				]
			}
		}
	},
	"slow_equip_idle": {
		"slots": {
			"icon_slow": {
				"color": [
					{ "time": 0, "color": "ffffffff", "curve": "stepped" },
					{ "time": 1.3333, "color": "ffffffff" }
				],
				"attachment": [
					{ "time": 0, "name": "icon_slow" },
					{ "time": 1.3333, "name": "icon_slow" }
				]
			},
			"normal_slot_slow": {
				"color": [
					{ "time": 0, "color": "ffffffff", "curve": "stepped" },
					{ "time": 1.3333, "color": "ffffffff" }
				],
				"attachment": [
					{ "time": 0, "name": "equip_slot" },
					{ "time": 1.3333, "name": "equip_slot" }
				]
			},
			"text_equip": {
				"color": [
					{ "time": 0, "color": "ffffffff", "curve": "stepped" },
					{ "time": 1.3333, "color": "ffffffff" }
				],
				"attachment": [
					{ "time": 0, "name": "text_equip" },
					{ "time": 1.3333, "name": "text_equip" }
				]
			},
			"text_shield_count": {
				"color": [
					{ "time": 0, "color": "ffffffff", "curve": "stepped" },
					{ "time": 1.3333, "color": "ffffffff" }
				],
				"attachment": [
					{ "time": 0, "name": null },
					{ "time": 1.3333, "name": null }
				]
			},
			"text_slow": {
				"color": [
					{ "time": 0, "color": "ffffffff", "curve": "stepped" },
					{ "time": 1.3333, "color": "ffffffff" }
				],
				"attachment": [
					{ "time": 0, "name": "text_slow_big" },
					{ "time": 1.3333, "name": "text_slow_big" }
				]
			},
			"text_slow_count": {
				"color": [
					{ "time": 0, "color": "ffffffff", "curve": "stepped" },
					{ "time": 1.3333, "color": "ffffffff" }
				],
				"attachment": [
					{ "time": 0, "name": "text_slow_count" },
					{ "time": 1.3333, "name": "text_slow_count" }
				]
			},
			"text_time_count": {
				"color": [
					{ "time": 0, "color": "ffffffff", "curve": "stepped" },
					{ "time": 1.3333, "color": "ffffffff" }
				],
				"attachment": [
					{ "time": 0, "name": null },
					{ "time": 1.3333, "name": null }
				]
			}
		},
		"bones": {
			"text_equip": {
				"rotate": [
					{ "time": 0, "angle": 0, "curve": "stepped" },
					{ "time": 1.3333, "angle": 0 }
				],
				"translate": [
					{ "time": 0, "x": 0, "y": 0, "curve": "stepped" },
					{ "time": 1.3333, "x": 0, "y": 0 }
				],
				"scale": [
					{ "time": 0, "x": 1, "y": 1, "curve": "stepped" },
					{ "time": 1.3333, "x": 1, "y": 1 }
				]
			},
			"text_slow_count": {
				"rotate": [
					{ "time": 0, "angle": 0, "curve": "stepped" },
					{ "time": 1.3333, "angle": 0 }
				],
				"translate": [
					{ "time": 0, "x": 0, "y": 0, "curve": "stepped" },
					{ "time": 1.3333, "x": 0, "y": 0 }
				],
				"scale": [
					{ "time": 0, "x": 1, "y": 1, "curve": "stepped" },
					{ "time": 1.3333, "x": 1, "y": 1 }
				]
			},
			"icon_slow": {
				"rotate": [
					{ "time": 0, "angle": 0, "curve": "stepped" },
					{ "time": 1.3333, "angle": 0 }
				],
				"translate": [
					{ "time": 0, "x": 0, "y": 0 },
					{ "time": 0.6667, "x": 0, "y": 7.03 },
					{ "time": 1.3333, "x": 0, "y": 0 }
				],
				"scale": [
					{ "time": 0, "x": 1, "y": 1, "curve": "stepped" },
					{ "time": 1.3333, "x": 1, "y": 1 }
				]
			},
			"text_slow": {
				"rotate": [
					{ "time": 0, "angle": 0, "curve": "stepped" },
					{ "time": 1.3333, "angle": 0 }
				],
				"translate": [
					{ "time": 0, "x": 0, "y": 7.53, "curve": "stepped" },
					{ "time": 1.3333, "x": 0, "y": 7.53 }
				],
				"scale": [
					{ "time": 0, "x": 1, "y": 1, "curve": "stepped" },
					{ "time": 1.3333, "x": 1, "y": 1 }
				]
			},
			"normal_slot_slow": {
				"rotate": [
					{ "time": 0, "angle": 0, "curve": "stepped" },
					{ "time": 1.3333, "angle": 0 }
				],
				"translate": [
					{ "time": 0, "x": 0, "y": 0, "curve": "stepped" },
					{ "time": 1.3333, "x": 0, "y": 0 }
				],
				"scale": [
					{ "time": 0, "x": 1.05, "y": 1.05, "curve": "stepped" },
					{ "time": 1.3333, "x": 1.05, "y": 1.05 }
				]
			},
			"text_time_count": {
				"rotate": [
					{ "time": 0, "angle": 0, "curve": "stepped" },
					{ "time": 1.3333, "angle": 0 }
				],
				"translate": [
					{ "time": 0, "x": 0, "y": 0, "curve": "stepped" },
					{ "time": 1.3333, "x": 0, "y": 0 }
				],
				"scale": [
					{ "time": 0, "x": 1, "y": 1, "curve": "stepped" },
					{ "time": 1.3333, "x": 1, "y": 1 }
				]
			},
			"text_shield_count": {
				"rotate": [
					{ "time": 0, "angle": 0, "curve": "stepped" },
					{ "time": 1.3333, "angle": 0 }
				],
				"translate": [
					{ "time": 0, "x": 0, "y": 0, "curve": "stepped" },
					{ "time": 1.3333, "x": 0, "y": 0 }
				],
				"scale": [
					{ "time": 0, "x": 1, "y": 1, "curve": "stepped" },
					{ "time": 1.3333, "x": 1, "y": 1 }
				]
			}
		}
	},
	"slow_idle": {
		"slots": {
			"icon_slow": {
				"color": [
					{ "time": 0, "color": "ffffffff", "curve": "stepped" },
					{ "time": 1.3333, "color": "ffffffff" }
				],
				"attachment": [
					{ "time": 0, "name": "icon_slow" },
					{ "time": 1.3333, "name": "icon_slow" }
				]
			},
			"normal_slot_slow": {
				"color": [
					{ "time": 0, "color": "ffffffff", "curve": "stepped" },
					{ "time": 1.3333, "color": "ffffffff" }
				],
				"attachment": [
					{ "time": 0, "name": "normal_slot" },
					{ "time": 1.3333, "name": "normal_slot" }
				]
			},
			"text_equip": {
				"color": [
					{ "time": 0, "color": "ffffffff", "curve": "stepped" },
					{ "time": 1.3333, "color": "ffffffff" }
				],
				"attachment": [
					{ "time": 0, "name": null },
					{ "time": 1.3333, "name": null }
				]
			},
			"text_shield_count": {
				"color": [
					{ "time": 0, "color": "ffffffff", "curve": "stepped" },
					{ "time": 1.3333, "color": "ffffffff" }
				],
				"attachment": [
					{ "time": 0, "name": null },
					{ "time": 1.3333, "name": null }
				]
			},
			"text_slow": {
				"color": [
					{ "time": 0, "color": "ffffffff", "curve": "stepped" },
					{ "time": 1.3333, "color": "ffffffff" }
				],
				"attachment": [
					{ "time": 0, "name": "text_slow_big" },
					{ "time": 1.3333, "name": "text_slow_big" }
				]
			},
			"text_slow_count": {
				"color": [
					{ "time": 0, "color": "ffffffff", "curve": "stepped" },
					{ "time": 1.3333, "color": "ffffffff" }
				],
				"attachment": [
					{ "time": 0, "name": "text_slow_count" },
					{ "time": 1.3333, "name": "text_slow_count" }
				]
			},
			"text_time_count": {
				"color": [
					{ "time": 0, "color": "ffffffff", "curve": "stepped" },
					{ "time": 1.3333, "color": "ffffffff" }
				],
				"attachment": [
					{ "time": 0, "name": null },
					{ "time": 1.3333, "name": null }
				]
			}
		},
		"bones": {
			"text_slow": {
				"rotate": [
					{ "time": 0, "angle": 0, "curve": "stepped" },
					{ "time": 1.3333, "angle": 0 }
				],
				"translate": [
					{ "time": 0, "x": 0, "y": 0, "curve": "stepped" },
					{ "time": 1.3333, "x": 0, "y": 0 }
				],
				"scale": [
					{ "time": 0, "x": 0.7, "y": 0.7, "curve": "stepped" },
					{ "time": 1.3333, "x": 0.7, "y": 0.7 }
				]
			},
			"text_slow_count": {
				"rotate": [
					{ "time": 0, "angle": 0, "curve": "stepped" },
					{ "time": 1.3333, "angle": 0 }
				],
				"translate": [
					{ "time": 0, "x": 0, "y": 0, "curve": "stepped" },
					{ "time": 1.3333, "x": 0, "y": 0 }
				],
				"scale": [
					{ "time": 0, "x": 1, "y": 1 },
					{ "time": 0.6667, "x": 1.2, "y": 1.2 },
					{ "time": 1.3333, "x": 1, "y": 1 }
				]
			},
			"text_equip": {
				"rotate": [
					{ "time": 0, "angle": 0, "curve": "stepped" },
					{ "time": 1.3333, "angle": 0 }
				],
				"translate": [
					{ "time": 0, "x": 0, "y": 0, "curve": "stepped" },
					{ "time": 1.3333, "x": 0, "y": 0 }
				],
				"scale": [
					{ "time": 0, "x": 1, "y": 1, "curve": "stepped" },
					{ "time": 1.3333, "x": 1, "y": 1 }
				]
			},
			"icon_slow": {
				"rotate": [
					{ "time": 0, "angle": 0, "curve": "stepped" },
					{ "time": 1.3333, "angle": 0 }
				],
				"translate": [
					{ "time": 0, "x": 0, "y": 0 },
					{ "time": 0.6667, "x": 0, "y": 10.17 },
					{ "time": 1.3333, "x": 0, "y": 0 }
				],
				"scale": [
					{ "time": 0, "x": 1, "y": 1, "curve": "stepped" },
					{ "time": 1.3333, "x": 1, "y": 1 }
				]
			},
			"normal_slot_slow": {
				"rotate": [
					{ "time": 0, "angle": 0, "curve": "stepped" },
					{ "time": 1.3333, "angle": 0 }
				],
				"translate": [
					{ "time": 0, "x": 0, "y": 0, "curve": "stepped" },
					{ "time": 1.3333, "x": 0, "y": 0 }
				],
				"scale": [
					{ "time": 0, "x": 1, "y": 1, "curve": "stepped" },
					{ "time": 1.3333, "x": 1, "y": 1 }
				]
			},
			"text_time_count": {
				"rotate": [
					{ "time": 0, "angle": 0, "curve": "stepped" },
					{ "time": 1.3333, "angle": 0 }
				],
				"translate": [
					{ "time": 0, "x": 0, "y": 0, "curve": "stepped" },
					{ "time": 1.3333, "x": 0, "y": 0 }
				],
				"scale": [
					{ "time": 0, "x": 1, "y": 1 },
					{ "time": 0.6667, "x": 1.2, "y": 1.2 },
					{ "time": 1.3333, "x": 1, "y": 1 }
				]
			},
			"text_shield_count": {
				"rotate": [
					{ "time": 0, "angle": 0, "curve": "stepped" },
					{ "time": 1.3333, "angle": 0 }
				],
				"translate": [
					{ "time": 0, "x": 0, "y": 0, "curve": "stepped" },
					{ "time": 1.3333, "x": 0, "y": 0 }
				],
				"scale": [
					{ "time": 0, "x": 1, "y": 1 },
					{ "time": 0.6667, "x": 1.2, "y": 1.2 },
					{ "time": 1.3333, "x": 1, "y": 1 }
				]
			}
		}
	},
	"slow_unequip": {
		"slots": {
			"icon_slow": {
				"color": [
					{ "time": 0, "color": "ffffffff", "curve": "stepped" },
					{ "time": 0.2, "color": "ffffffff" }
				],
				"attachment": [
					{ "time": 0, "name": "icon_slow" },
					{ "time": 0.2, "name": "icon_slow" }
				]
			},
			"normal_slot_slow": {
				"color": [
					{ "time": 0, "color": "ffffffff", "curve": "stepped" },
					{ "time": 0.2, "color": "ffffffff" }
				],
				"attachment": [
					{ "time": 0, "name": "equip_slot" },
					{ "time": 0.1, "name": "normal_slot" },
					{ "time": 0.2, "name": "normal_slot" }
				]
			},
			"text_equip": {
				"color": [
					{ "time": 0, "color": "ffffffff" },
					{ "time": 0.1667, "color": "ffffff00", "curve": "stepped" },
					{ "time": 0.2, "color": "ffffff00" }
				],
				"attachment": [
					{ "time": 0, "name": "text_equip" },
					{ "time": 0.2, "name": "text_equip" }
				]
			},
			"text_shield_count": {
				"color": [
					{ "time": 0, "color": "ffffffff", "curve": "stepped" },
					{ "time": 0.2, "color": "ffffffff" }
				],
				"attachment": [
					{ "time": 0, "name": null },
					{ "time": 0.2, "name": null }
				]
			},
			"text_slow": {
				"color": [
					{ "time": 0, "color": "ffffffff", "curve": "stepped" },
					{ "time": 0.2, "color": "ffffffff" }
				],
				"attachment": [
					{ "time": 0, "name": "text_slow_big" },
					{ "time": 0.2, "name": "text_slow_big" }
				]
			},
			"text_slow_count": {
				"color": [
					{ "time": 0, "color": "ffffffff", "curve": "stepped" },
					{ "time": 0.2, "color": "ffffffff" }
				],
				"attachment": [
					{ "time": 0, "name": "text_slow_count" },
					{ "time": 0.2, "name": "text_slow_count" }
				]
			},
			"text_time_count": {
				"color": [
					{ "time": 0, "color": "ffffffff", "curve": "stepped" },
					{ "time": 0.2, "color": "ffffffff" }
				],
				"attachment": [
					{ "time": 0, "name": null },
					{ "time": 0.2, "name": null }
				]
			}
		},
		"bones": {
			"text_equip": {
				"rotate": [
					{
						"time": 0,
						"angle": 0,
						"curve": [ 0.25, 0, 0.75, 1 ]
					},
					{ "time": 0.1667, "angle": -53.7, "curve": "stepped" },
					{ "time": 0.2, "angle": -53.7 }
				],
				"translate": [
					{ "time": 0, "x": 0, "y": 0, "curve": "stepped" },
					{ "time": 0.2, "x": 0, "y": 0 }
				],
				"scale": [
					{ "time": 0, "x": 1, "y": 1, "curve": "stepped" },
					{ "time": 0.2, "x": 1, "y": 1 }
				]
			},
			"text_slow_count": {
				"rotate": [
					{ "time": 0, "angle": 0, "curve": "stepped" },
					{ "time": 0.2, "angle": 0 }
				],
				"translate": [
					{ "time": 0, "x": 0, "y": 0, "curve": "stepped" },
					{ "time": 0.2, "x": 0, "y": 0 }
				],
				"scale": [
					{ "time": 0, "x": 1, "y": 1, "curve": "stepped" },
					{ "time": 0.2, "x": 1, "y": 1 }
				]
			},
			"icon_slow": {
				"rotate": [
					{ "time": 0, "angle": 0, "curve": "stepped" },
					{ "time": 0.2, "angle": 0 }
				],
				"translate": [
					{ "time": 0, "x": 0, "y": 0, "curve": "stepped" },
					{ "time": 0.2, "x": 0, "y": 0 }
				],
				"scale": [
					{ "time": 0, "x": 1, "y": 1, "curve": "stepped" },
					{ "time": 0.2, "x": 1, "y": 1 }
				]
			},
			"text_slow": {
				"rotate": [
					{ "time": 0, "angle": 0, "curve": "stepped" },
					{ "time": 0.2, "angle": 0 }
				],
				"translate": [
					{ "time": 0, "x": 0, "y": 7.53 },
					{ "time": 0.1333, "x": 0, "y": 0, "curve": "stepped" },
					{ "time": 0.2, "x": 0, "y": 0 }
				],
				"scale": [
					{ "time": 0, "x": 1, "y": 1 },
					{ "time": 0.1333, "x": 0.7, "y": 0.7, "curve": "stepped" },
					{ "time": 0.2, "x": 0.7, "y": 0.7 }
				]
			},
			"normal_slot_slow": {
				"rotate": [
					{ "time": 0, "angle": 0, "curve": "stepped" },
					{ "time": 0.2, "angle": 0 }
				],
				"translate": [
					{ "time": 0, "x": 0, "y": 0, "curve": "stepped" },
					{ "time": 0.2, "x": 0, "y": 0 }
				],
				"scale": [
					{ "time": 0, "x": 1.05, "y": 1.05 },
					{ "time": 0.2, "x": 1, "y": 1 }
				]
			},
			"text_time_count": {
				"rotate": [
					{ "time": 0, "angle": 0, "curve": "stepped" },
					{ "time": 0.2, "angle": 0 }
				],
				"translate": [
					{ "time": 0, "x": 0, "y": 0, "curve": "stepped" },
					{ "time": 0.2, "x": 0, "y": 0 }
				],
				"scale": [
					{ "time": 0, "x": 1, "y": 1, "curve": "stepped" },
					{ "time": 0.2, "x": 1, "y": 1 }
				]
			},
			"text_shield_count": {
				"rotate": [
					{ "time": 0, "angle": 0, "curve": "stepped" },
					{ "time": 0.2, "angle": 0 }
				],
				"translate": [
					{ "time": 0, "x": 0, "y": 0, "curve": "stepped" },
					{ "time": 0.2, "x": 0, "y": 0 }
				],
				"scale": [
					{ "time": 0, "x": 1, "y": 1, "curve": "stepped" },
					{ "time": 0.2, "x": 1, "y": 1 }
				]
			}
		}
	},
	"time_equip": {
		"slots": {
			"icon_slow": {
				"color": [
					{ "time": 0, "color": "ffffffff", "curve": "stepped" },
					{ "time": 0.2333, "color": "ffffffff" }
				],
				"attachment": [
					{ "time": 0, "name": "icon_time" },
					{ "time": 0.2333, "name": "icon_time" }
				]
			},
			"normal_slot_slow": {
				"color": [
					{ "time": 0, "color": "ffffffff", "curve": "stepped" },
					{ "time": 0.2333, "color": "ffffffff" }
				],
				"attachment": [
					{ "time": 0, "name": "normal_slot" },
					{ "time": 0.0667, "name": "equip_slot" },
					{ "time": 0.2333, "name": "equip_slot" }
				]
			},
			"text_equip": {
				"color": [
					{ "time": 0, "color": "ffffff00", "curve": "stepped" },
					{ "time": 0.1333, "color": "ffffff00" },
					{ "time": 0.2333, "color": "ffffffff" }
				],
				"attachment": [
					{ "time": 0, "name": "text_equip" },
					{ "time": 0.2333, "name": "text_equip" }
				]
			},
			"text_shield_count": {
				"color": [
					{ "time": 0, "color": "ffffffff", "curve": "stepped" },
					{ "time": 0.2333, "color": "ffffffff" }
				],
				"attachment": [
					{ "time": 0, "name": null },
					{ "time": 0.2333, "name": null }
				]
			},
			"text_slow": {
				"color": [
					{ "time": 0, "color": "ffffffff", "curve": "stepped" },
					{ "time": 0.2333, "color": "ffffffff" }
				],
				"attachment": [
					{ "time": 0, "name": "text_time_big" },
					{ "time": 0.2333, "name": "text_time_big" }
				]
			},
			"text_slow_count": {
				"color": [
					{ "time": 0, "color": "ffffffff", "curve": "stepped" },
					{ "time": 0.2333, "color": "ffffffff" }
				],
				"attachment": [
					{ "time": 0, "name": null },
					{ "time": 0.2333, "name": null }
				]
			},
			"text_time_count": {
				"color": [
					{ "time": 0, "color": "ffffffff", "curve": "stepped" },
					{ "time": 0.2333, "color": "ffffffff" }
				],
				"attachment": [
					{ "time": 0, "name": "text_time_count" },
					{ "time": 0.2333, "name": "text_time_count" }
				]
			}
		},
		"bones": {
			"text_equip": {
				"rotate": [
					{ "time": 0, "angle": 53.7, "curve": "stepped" },
					{
						"time": 0.1333,
						"angle": 53.7,
						"curve": [ 0.25, 0, 0.75, 1 ]
					},
					{ "time": 0.2333, "angle": 0 }
				],
				"translate": [
					{ "time": 0, "x": 0, "y": 0, "curve": "stepped" },
					{ "time": 0.2333, "x": 0, "y": 0 }
				],
				"scale": [
					{ "time": 0, "x": 1, "y": 1, "curve": "stepped" },
					{ "time": 0.2333, "x": 1, "y": 1 }
				]
			},
			"icon_slow": {
				"rotate": [
					{ "time": 0, "angle": 0, "curve": "stepped" },
					{ "time": 0.2333, "angle": 0 }
				],
				"translate": [
					{ "time": 0, "x": 0, "y": 0, "curve": "stepped" },
					{ "time": 0.2333, "x": 0, "y": 0 }
				],
				"scale": [
					{ "time": 0, "x": 1, "y": 1, "curve": "stepped" },
					{ "time": 0.2333, "x": 1, "y": 1 }
				]
			},
			"text_slow": {
				"rotate": [
					{ "time": 0, "angle": 0, "curve": "stepped" },
					{ "time": 0.2333, "angle": 0 }
				],
				"translate": [
					{ "time": 0, "x": 0, "y": 0 },
					{ "time": 0.1333, "x": 0, "y": 7.53, "curve": "stepped" },
					{ "time": 0.2333, "x": 0, "y": 7.53 }
				],
				"scale": [
					{ "time": 0, "x": 0.7, "y": 0.7 },
					{ "time": 0.1333, "x": 1, "y": 1, "curve": "stepped" },
					{ "time": 0.2333, "x": 1, "y": 1 }
				]
			},
			"normal_slot_slow": {
				"rotate": [
					{ "time": 0, "angle": 0, "curve": "stepped" },
					{ "time": 0.2333, "angle": 0 }
				],
				"translate": [
					{ "time": 0, "x": 0, "y": 0, "curve": "stepped" },
					{ "time": 0.2333, "x": 0, "y": 0 }
				],
				"scale": [
					{ "time": 0, "x": 1, "y": 1 },
					{ "time": 0.1333, "x": 1.05, "y": 1.05, "curve": "stepped" },
					{ "time": 0.2333, "x": 1.05, "y": 1.05 }
				]
			},
			"text_time_count": {
				"rotate": [
					{ "time": 0, "angle": 0, "curve": "stepped" },
					{ "time": 0.2333, "angle": 0 }
				],
				"translate": [
					{ "time": 0, "x": 0, "y": 0, "curve": "stepped" },
					{ "time": 0.2333, "x": 0, "y": 0 }
				],
				"scale": [
					{ "time": 0, "x": 1, "y": 1, "curve": "stepped" },
					{ "time": 0.2333, "x": 1, "y": 1 }
				]
			},
			"text_slow_count": {
				"rotate": [
					{ "time": 0, "angle": 0, "curve": "stepped" },
					{ "time": 0.2333, "angle": 0 }
				],
				"translate": [
					{ "time": 0, "x": 0, "y": 0, "curve": "stepped" },
					{ "time": 0.2333, "x": 0, "y": 0 }
				],
				"scale": [
					{ "time": 0, "x": 1, "y": 1, "curve": "stepped" },
					{ "time": 0.2333, "x": 1, "y": 1 }
				]
			},
			"text_shield_count": {
				"rotate": [
					{ "time": 0, "angle": 0, "curve": "stepped" },
					{ "time": 0.2333, "angle": 0 }
				],
				"translate": [
					{ "time": 0, "x": 0, "y": 0, "curve": "stepped" },
					{ "time": 0.2333, "x": 0, "y": 0 }
				],
				"scale": [
					{ "time": 0, "x": 1, "y": 1, "curve": "stepped" },
					{ "time": 0.2333, "x": 1, "y": 1 }
				]
			}
		}
	},
	"time_equip_idle": {
		"slots": {
			"icon_slow": {
				"color": [
					{ "time": 0, "color": "ffffffff", "curve": "stepped" },
					{ "time": 1.3333, "color": "ffffffff" }
				],
				"attachment": [
					{ "time": 0, "name": "icon_time" },
					{ "time": 1.3333, "name": "icon_time" }
				]
			},
			"normal_slot_slow": {
				"color": [
					{ "time": 0, "color": "ffffffff", "curve": "stepped" },
					{ "time": 1.3333, "color": "ffffffff" }
				],
				"attachment": [
					{ "time": 0, "name": "equip_slot" },
					{ "time": 1.3333, "name": "equip_slot" }
				]
			},
			"text_equip": {
				"color": [
					{ "time": 0, "color": "ffffffff", "curve": "stepped" },
					{ "time": 1.3333, "color": "ffffffff" }
				],
				"attachment": [
					{ "time": 0, "name": "text_equip" },
					{ "time": 1.3333, "name": "text_equip" }
				]
			},
			"text_shield_count": {
				"color": [
					{ "time": 0, "color": "ffffffff", "curve": "stepped" },
					{ "time": 1.3333, "color": "ffffffff" }
				],
				"attachment": [
					{ "time": 0, "name": null },
					{ "time": 1.3333, "name": null }
				]
			},
			"text_slow": {
				"color": [
					{ "time": 0, "color": "ffffffff", "curve": "stepped" },
					{ "time": 1.3333, "color": "ffffffff" }
				],
				"attachment": [
					{ "time": 0, "name": "text_time_big" },
					{ "time": 1.3333, "name": "text_time_big" }
				]
			},
			"text_slow_count": {
				"color": [
					{ "time": 0, "color": "ffffffff", "curve": "stepped" },
					{ "time": 1.3333, "color": "ffffffff" }
				],
				"attachment": [
					{ "time": 0, "name": null },
					{ "time": 1.3333, "name": null }
				]
			},
			"text_time_count": {
				"color": [
					{ "time": 0, "color": "ffffffff", "curve": "stepped" },
					{ "time": 1.3333, "color": "ffffffff" }
				],
				"attachment": [
					{ "time": 0, "name": "text_time_count" },
					{ "time": 1.3333, "name": "text_time_count" }
				]
			}
		},
		"bones": {
			"text_equip": {
				"rotate": [
					{ "time": 0, "angle": 0, "curve": "stepped" },
					{ "time": 1.3333, "angle": 0 }
				],
				"translate": [
					{ "time": 0, "x": 0, "y": 0, "curve": "stepped" },
					{ "time": 1.3333, "x": 0, "y": 0 }
				],
				"scale": [
					{ "time": 0, "x": 1, "y": 1, "curve": "stepped" },
					{ "time": 1.3333, "x": 1, "y": 1 }
				]
			},
			"icon_slow": {
				"rotate": [
					{ "time": 0, "angle": 0, "curve": "stepped" },
					{ "time": 1.3333, "angle": 0 }
				],
				"translate": [
					{ "time": 0, "x": 0, "y": 0 },
					{ "time": 0.6667, "x": 0, "y": 5.47 },
					{ "time": 1.3333, "x": 0, "y": 0 }
				],
				"scale": [
					{ "time": 0, "x": 1, "y": 1, "curve": "stepped" },
					{ "time": 1.3333, "x": 1, "y": 1 }
				]
			},
			"text_slow": {
				"rotate": [
					{ "time": 0, "angle": 0, "curve": "stepped" },
					{ "time": 1.3333, "angle": 0 }
				],
				"translate": [
					{ "time": 0, "x": 0, "y": 7.53, "curve": "stepped" },
					{ "time": 1.3333, "x": 0, "y": 7.53 }
				],
				"scale": [
					{ "time": 0, "x": 1, "y": 1, "curve": "stepped" },
					{ "time": 1.3333, "x": 1, "y": 1 }
				]
			},
			"normal_slot_slow": {
				"rotate": [
					{ "time": 0, "angle": 0, "curve": "stepped" },
					{ "time": 1.3333, "angle": 0 }
				],
				"translate": [
					{ "time": 0, "x": 0, "y": 0, "curve": "stepped" },
					{ "time": 1.3333, "x": 0, "y": 0 }
				],
				"scale": [
					{ "time": 0, "x": 1.05, "y": 1.05, "curve": "stepped" },
					{ "time": 1.3333, "x": 1.05, "y": 1.05 }
				]
			},
			"text_time_count": {
				"rotate": [
					{ "time": 0, "angle": 0, "curve": "stepped" },
					{ "time": 1.3333, "angle": 0 }
				],
				"translate": [
					{ "time": 0, "x": 0, "y": 0, "curve": "stepped" },
					{ "time": 1.3333, "x": 0, "y": 0 }
				],
				"scale": [
					{ "time": 0, "x": 1, "y": 1, "curve": "stepped" },
					{ "time": 1.3333, "x": 1, "y": 1 }
				]
			},
			"text_slow_count": {
				"rotate": [
					{ "time": 0, "angle": 0, "curve": "stepped" },
					{ "time": 1.3333, "angle": 0 }
				],
				"translate": [
					{ "time": 0, "x": 0, "y": 0, "curve": "stepped" },
					{ "time": 1.3333, "x": 0, "y": 0 }
				],
				"scale": [
					{ "time": 0, "x": 1, "y": 1, "curve": "stepped" },
					{ "time": 1.3333, "x": 1, "y": 1 }
				]
			},
			"text_shield_count": {
				"rotate": [
					{ "time": 0, "angle": 0, "curve": "stepped" },
					{ "time": 1.3333, "angle": 0 }
				],
				"translate": [
					{ "time": 0, "x": 0, "y": 0, "curve": "stepped" },
					{ "time": 1.3333, "x": 0, "y": 0 }
				],
				"scale": [
					{ "time": 0, "x": 1, "y": 1, "curve": "stepped" },
					{ "time": 1.3333, "x": 1, "y": 1 }
				]
			}
		}
	},
	"time_idle": {
		"slots": {
			"icon_slow": {
				"color": [
					{ "time": 0, "color": "ffffffff", "curve": "stepped" },
					{ "time": 1.3333, "color": "ffffffff" }
				],
				"attachment": [
					{ "time": 0, "name": "icon_time" },
					{ "time": 1.3333, "name": "icon_time" }
				]
			},
			"normal_slot_slow": {
				"color": [
					{ "time": 0, "color": "ffffffff", "curve": "stepped" },
					{ "time": 1.3333, "color": "ffffffff" }
				],
				"attachment": [
					{ "time": 0, "name": "normal_slot" },
					{ "time": 1.3333, "name": "normal_slot" }
				]
			},
			"text_equip": {
				"color": [
					{ "time": 0, "color": "ffffffff", "curve": "stepped" },
					{ "time": 1.3333, "color": "ffffffff" }
				],
				"attachment": [
					{ "time": 0, "name": null },
					{ "time": 1.3333, "name": null }
				]
			},
			"text_shield_count": {
				"color": [
					{ "time": 0, "color": "ffffffff", "curve": "stepped" },
					{ "time": 1.3333, "color": "ffffffff" }
				],
				"attachment": [
					{ "time": 0, "name": null },
					{ "time": 1.3333, "name": null }
				]
			},
			"text_slow": {
				"color": [
					{ "time": 0, "color": "ffffffff", "curve": "stepped" },
					{ "time": 1.3333, "color": "ffffffff" }
				],
				"attachment": [
					{ "time": 0, "name": "text_time_big" },
					{ "time": 1.3333, "name": "text_time_big" }
				]
			},
			"text_slow_count": {
				"color": [
					{ "time": 0, "color": "ffffffff", "curve": "stepped" },
					{ "time": 1.3333, "color": "ffffffff" }
				],
				"attachment": [
					{ "time": 0, "name": null },
					{ "time": 1.3333, "name": null }
				]
			},
			"text_time_count": {
				"color": [
					{ "time": 0, "color": "ffffffff", "curve": "stepped" },
					{ "time": 1.3333, "color": "ffffffff" }
				],
				"attachment": [
					{ "time": 0, "name": "text_time_count" },
					{ "time": 1.3333, "name": "text_time_count" }
				]
			}
		},
		"bones": {
			"text_slow": {
				"rotate": [
					{ "time": 0, "angle": 0, "curve": "stepped" },
					{ "time": 1.3333, "angle": 0 }
				],
				"translate": [
					{ "time": 0, "x": 0, "y": 0, "curve": "stepped" },
					{ "time": 1.3333, "x": 0, "y": 0 }
				],
				"scale": [
					{ "time": 0, "x": 0.7, "y": 0.7, "curve": "stepped" },
					{ "time": 1.3333, "x": 0.7, "y": 0.7 }
				]
			},
			"text_equip": {
				"rotate": [
					{ "time": 0, "angle": 0, "curve": "stepped" },
					{ "time": 1.3333, "angle": 0 }
				],
				"translate": [
					{ "time": 0, "x": 0, "y": 0, "curve": "stepped" },
					{ "time": 1.3333, "x": 0, "y": 0 }
				],
				"scale": [
					{ "time": 0, "x": 1, "y": 1, "curve": "stepped" },
					{ "time": 1.3333, "x": 1, "y": 1 }
				]
			},
			"icon_slow": {
				"rotate": [
					{ "time": 0, "angle": 0, "curve": "stepped" },
					{ "time": 1.3333, "angle": 0 }
				],
				"translate": [
					{ "time": 0, "x": 0, "y": 0 },
					{ "time": 0.6667, "x": 0, "y": 6.27 },
					{ "time": 1.3333, "x": 0, "y": 0 }
				],
				"scale": [
					{ "time": 0, "x": 1, "y": 1, "curve": "stepped" },
					{ "time": 1.3333, "x": 1, "y": 1 }
				]
			},
			"normal_slot_slow": {
				"rotate": [
					{ "time": 0, "angle": 0, "curve": "stepped" },
					{ "time": 1.3333, "angle": 0 }
				],
				"translate": [
					{ "time": 0, "x": 0, "y": 0, "curve": "stepped" },
					{ "time": 1.3333, "x": 0, "y": 0 }
				],
				"scale": [
					{ "time": 0, "x": 1, "y": 1, "curve": "stepped" },
					{ "time": 1.3333, "x": 1, "y": 1 }
				]
			},
			"text_time_count": {
				"rotate": [
					{ "time": 0, "angle": 0, "curve": "stepped" },
					{ "time": 1.3333, "angle": 0 }
				],
				"translate": [
					{ "time": 0, "x": 0, "y": 0, "curve": "stepped" },
					{ "time": 1.3333, "x": 0, "y": 0 }
				],
				"scale": [
					{ "time": 0, "x": 1, "y": 1 },
					{ "time": 0.6667, "x": 1.2, "y": 1.2 },
					{ "time": 1.3333, "x": 1, "y": 1 }
				]
			},
			"text_slow_count": {
				"rotate": [
					{ "time": 0, "angle": 0, "curve": "stepped" },
					{ "time": 1.3333, "angle": 0 }
				],
				"translate": [
					{ "time": 0, "x": 0, "y": 0, "curve": "stepped" },
					{ "time": 1.3333, "x": 0, "y": 0 }
				],
				"scale": [
					{ "time": 0, "x": 1, "y": 1, "curve": "stepped" },
					{ "time": 1.3333, "x": 1, "y": 1 }
				]
			},
			"text_shield_count": {
				"rotate": [
					{ "time": 0, "angle": 0, "curve": "stepped" },
					{ "time": 1.3333, "angle": 0 }
				],
				"translate": [
					{ "time": 0, "x": 0, "y": 0, "curve": "stepped" },
					{ "time": 1.3333, "x": 0, "y": 0 }
				],
				"scale": [
					{ "time": 0, "x": 1, "y": 1, "curve": "stepped" },
					{ "time": 1.3333, "x": 1, "y": 1 }
				]
			}
		}
	},
	"time_unequip": {
		"slots": {
			"icon_slow": {
				"color": [
					{ "time": 0, "color": "ffffffff", "curve": "stepped" },
					{ "time": 0.2, "color": "ffffffff" }
				],
				"attachment": [
					{ "time": 0, "name": "icon_time" },
					{ "time": 0.2, "name": "icon_time" }
				]
			},
			"normal_slot_slow": {
				"color": [
					{ "time": 0, "color": "ffffffff", "curve": "stepped" },
					{ "time": 0.2, "color": "ffffffff" }
				],
				"attachment": [
					{ "time": 0, "name": "equip_slot" },
					{ "time": 0.1, "name": "normal_slot" },
					{ "time": 0.2, "name": "normal_slot" }
				]
			},
			"text_equip": {
				"color": [
					{ "time": 0, "color": "ffffffff" },
					{ "time": 0.1667, "color": "ffffff00", "curve": "stepped" },
					{ "time": 0.2, "color": "ffffff00" }
				],
				"attachment": [
					{ "time": 0, "name": "text_equip" },
					{ "time": 0.2, "name": "text_equip" }
				]
			},
			"text_shield_count": {
				"color": [
					{ "time": 0, "color": "ffffffff", "curve": "stepped" },
					{ "time": 0.2, "color": "ffffffff" }
				],
				"attachment": [
					{ "time": 0, "name": null },
					{ "time": 0.2, "name": null }
				]
			},
			"text_slow": {
				"color": [
					{ "time": 0, "color": "ffffffff", "curve": "stepped" },
					{ "time": 0.2, "color": "ffffffff" }
				],
				"attachment": [
					{ "time": 0, "name": "text_time_big" },
					{ "time": 0.2, "name": "text_time_big" }
				]
			},
			"text_slow_count": {
				"color": [
					{ "time": 0, "color": "ffffffff", "curve": "stepped" },
					{ "time": 0.2, "color": "ffffffff" }
				],
				"attachment": [
					{ "time": 0, "name": null },
					{ "time": 0.2, "name": null }
				]
			},
			"text_time_count": {
				"color": [
					{ "time": 0, "color": "ffffffff", "curve": "stepped" },
					{ "time": 0.2, "color": "ffffffff" }
				],
				"attachment": [
					{ "time": 0, "name": "text_time_count" },
					{ "time": 0.2, "name": "text_time_count" }
				]
			}
		},
		"bones": {
			"text_equip": {
				"rotate": [
					{
						"time": 0,
						"angle": 0,
						"curve": [ 0.25, 0, 0.75, 1 ]
					},
					{ "time": 0.1667, "angle": -53.7, "curve": "stepped" },
					{ "time": 0.2, "angle": -53.7 }
				],
				"translate": [
					{ "time": 0, "x": 0, "y": 0, "curve": "stepped" },
					{ "time": 0.2, "x": 0, "y": 0 }
				],
				"scale": [
					{ "time": 0, "x": 1, "y": 1, "curve": "stepped" },
					{ "time": 0.2, "x": 1, "y": 1 }
				]
			},
			"icon_slow": {
				"rotate": [
					{ "time": 0, "angle": 0, "curve": "stepped" },
					{ "time": 0.2, "angle": 0 }
				],
				"translate": [
					{ "time": 0, "x": 0, "y": 0, "curve": "stepped" },
					{ "time": 0.2, "x": 0, "y": 0 }
				],
				"scale": [
					{ "time": 0, "x": 1, "y": 1, "curve": "stepped" },
					{ "time": 0.2, "x": 1, "y": 1 }
				]
			},
			"text_slow": {
				"rotate": [
					{ "time": 0, "angle": 0, "curve": "stepped" },
					{ "time": 0.2, "angle": 0 }
				],
				"translate": [
					{ "time": 0, "x": 0, "y": 7.53 },
					{ "time": 0.1333, "x": 0, "y": 0, "curve": "stepped" },
					{ "time": 0.2, "x": 0, "y": 0 }
				],
				"scale": [
					{ "time": 0, "x": 1, "y": 1 },
					{ "time": 0.1333, "x": 0.7, "y": 0.7, "curve": "stepped" },
					{ "time": 0.2, "x": 0.7, "y": 0.7 }
				]
			},
			"normal_slot_slow": {
				"rotate": [
					{ "time": 0, "angle": 0, "curve": "stepped" },
					{ "time": 0.2, "angle": 0 }
				],
				"translate": [
					{ "time": 0, "x": 0, "y": 0, "curve": "stepped" },
					{ "time": 0.2, "x": 0, "y": 0 }
				],
				"scale": [
					{ "time": 0, "x": 1.05, "y": 1.05 },
					{ "time": 0.2, "x": 1, "y": 1 }
				]
			},
			"text_time_count": {
				"rotate": [
					{ "time": 0, "angle": 0, "curve": "stepped" },
					{ "time": 0.2, "angle": 0 }
				],
				"translate": [
					{ "time": 0, "x": 0, "y": 0, "curve": "stepped" },
					{ "time": 0.2, "x": 0, "y": 0 }
				],
				"scale": [
					{ "time": 0, "x": 1, "y": 1, "curve": "stepped" },
					{ "time": 0.2, "x": 1, "y": 1 }
				]
			},
			"text_slow_count": {
				"rotate": [
					{ "time": 0, "angle": 0, "curve": "stepped" },
					{ "time": 0.2, "angle": 0 }
				],
				"translate": [
					{ "time": 0, "x": 0, "y": 0, "curve": "stepped" },
					{ "time": 0.2, "x": 0, "y": 0 }
				],
				"scale": [
					{ "time": 0, "x": 1, "y": 1, "curve": "stepped" },
					{ "time": 0.2, "x": 1, "y": 1 }
				]
			},
			"text_shield_count": {
				"rotate": [
					{ "time": 0, "angle": 0, "curve": "stepped" },
					{ "time": 0.2, "angle": 0 }
				],
				"translate": [
					{ "time": 0, "x": 0, "y": 0, "curve": "stepped" },
					{ "time": 0.2, "x": 0, "y": 0 }
				],
				"scale": [
					{ "time": 0, "x": 1, "y": 1, "curve": "stepped" },
					{ "time": 0.2, "x": 1, "y": 1 }
				]
			}
		}
	}
}
}