{
"skeleton": { "hash": "wycG1CjO0mP0CJUSh4I8ZhAPx8Q", "spine": "3.6.52", "width": 0, "height": 0, "images": "./resource/" },
"bones": [
	{ "name": "root" },
	{ "name": "months_paper_1", "parent": "root" },
	{ "name": "months_paper_2", "parent": "root", "y": 189.09 },
	{ "name": "text_best_months_1", "parent": "months_paper_1", "y": -114.45 },
	{ "name": "text_best_months_2", "parent": "months_paper_2", "y": -303.54 },
	{ "name": "text_best_months_score_1", "parent": "months_paper_1", "y": -154.26 },
	{ "name": "text_best_months_score_2", "parent": "months_paper_2", "y": -343.34 },
	{ "name": "text_months_1", "parent": "months_paper_1", "y": 146.79 },
	{ "name": "text_months_2", "parent": "months_paper_2", "y": -42.3 },
	{ "name": "text_months_score_1", "parent": "months_paper_1" },
	{ "name": "text_months_score_2", "parent": "months_paper_2", "y": -189.09 }
],
"slots": [
	{ "name": "months_paper_1", "bone": "months_paper_1" },
	{ "name": "text_best_months_1", "bone": "text_best_months_1" },
	{ "name": "text_best_months_score_1", "bone": "text_best_months_score_1" },
	{ "name": "text_months_1", "bone": "text_months_1" },
	{ "name": "text_months_score_1", "bone": "text_months_score_1" },
	{ "name": "months_paper_2", "bone": "months_paper_2" },
	{ "name": "text_best_months_2", "bone": "text_best_months_2" },
	{ "name": "text_best_months_score_2", "bone": "text_best_months_score_2" },
	{ "name": "text_months_2", "bone": "text_months_2" },
	{ "name": "text_months_score_2", "bone": "text_months_score_2" }
],
"skins": {
	"default": {
		"months_paper_1": {
			"months_paper": { "width": 419, "height": 420 }
		},
		"months_paper_2": {
			"months_paper": { "y": -189.09, "width": 419, "height": 420 }
		},
		"text_best_months_1": {
			"text_best_months": { "width": 19, "height": 19 }
		},
		"text_best_months_2": {
			"text_best_months": { "width": 19, "height": 19 }
		},
		"text_best_months_score_1": {
			"text_best_months_score": { "width": 19, "height": 19 }
		},
		"text_best_months_score_2": {
			"text_best_months_score": { "width": 19, "height": 19 }
		},
		"text_months_1": {
			"text_months": { "width": 19, "height": 19 }
		},
		"text_months_2": {
			"text_months": { "width": 19, "height": 19 }
		},
		"text_months_score_1": {
			"text_months_score": { "width": 19, "height": 19 }
		},
		"text_months_score_2": {
			"text_months_score_2": { "width": 19, "height": 19 }
		}
	}
},
"animations": {
	"months_paper_ani": {
		"slots": {
			"months_paper_1": {
				"color": [
					{ "time": 0, "color": "ffffffff", "curve": "stepped" },
					{ "time": 0.3333, "color": "ffffffff" }
				],
				"attachment": [
					{ "time": 0, "name": "months_paper" },
					{ "time": 0.3333, "name": "months_paper" }
				]
			},
			"months_paper_2": {
				"color": [
					{ "time": 0, "color": "ffffffff", "curve": "stepped" },
					{ "time": 0.1667, "color": "ffffffff" },
					{ "time": 0.3333, "color": "ffffff00" }
				],
				"attachment": [
					{ "time": 0, "name": "months_paper" },
					{ "time": 0.3333, "name": "months_paper" }
				]
			},
			"text_best_months_1": {
				"color": [
					{ "time": 0, "color": "ffffffff", "curve": "stepped" },
					{ "time": 0.3333, "color": "ffffffff" }
				],
				"attachment": [
					{ "time": 0, "name": "text_best_months" },
					{ "time": 0.3333, "name": "text_best_months" }
				]
			},
			"text_best_months_2": {
				"color": [
					{ "time": 0, "color": "ffffffff", "curve": "stepped" },
					{ "time": 0.1667, "color": "ffffffff" },
					{ "time": 0.3333, "color": "ffffff00" }
				],
				"attachment": [
					{ "time": 0, "name": "text_best_months" },
					{ "time": 0.3333, "name": "text_best_months" }
				]
			},
			"text_best_months_score_1": {
				"color": [
					{ "time": 0, "color": "ffffffff", "curve": "stepped" },
					{ "time": 0.3333, "color": "ffffffff" }
				],
				"attachment": [
					{ "time": 0, "name": "text_best_months_score" },
					{ "time": 0.3333, "name": "text_best_months_score" }
				]
			},
			"text_best_months_score_2": {
				"color": [
					{ "time": 0, "color": "ffffffff", "curve": "stepped" },
					{ "time": 0.1667, "color": "ffffffff" },
					{ "time": 0.3333, "color": "ffffff00" }
				],
				"attachment": [
					{ "time": 0, "name": "text_best_months_score" },
					{ "time": 0.3333, "name": "text_best_months_score" }
				]
			},
			"text_months_1": {
				"color": [
					{ "time": 0, "color": "ffffffff", "curve": "stepped" },
					{ "time": 0.3333, "color": "ffffffff" }
				],
				"attachment": [
					{ "time": 0, "name": "text_months" },
					{ "time": 0.3333, "name": "text_months" }
				]
			},
			"text_months_2": {
				"color": [
					{ "time": 0, "color": "ffffffff", "curve": "stepped" },
					{ "time": 0.1667, "color": "ffffffff" },
					{ "time": 0.3333, "color": "ffffff00" }
				],
				"attachment": [
					{ "time": 0, "name": "text_months" },
					{ "time": 0.3333, "name": "text_months" }
				]
			},
			"text_months_score_1": {
				"color": [
					{ "time": 0, "color": "ffffffff", "curve": "stepped" },
					{ "time": 0.3333, "color": "ffffffff" }
				],
				"attachment": [
					{ "time": 0, "name": "text_months_score" },
					{ "time": 0.3333, "name": null }
				]
			},
			"text_months_score_2": {
				"color": [
					{ "time": 0, "color": "ffffffff", "curve": "stepped" },
					{ "time": 0.1667, "color": "ffffffff" },
					{ "time": 0.3333, "color": "ffffff00" }
				],
				"attachment": [
					{ "time": 0, "name": "text_months_score_2" },
					{ "time": 0.3333, "name": "text_months_score_2" }
				]
			}
		},
		"bones": {
			"text_months_score_1": {
				"rotate": [
					{ "time": 0, "angle": 0, "curve": "stepped" },
					{ "time": 0.3333, "angle": 0 }
				],
				"translate": [
					{ "time": 0, "x": 0, "y": 0, "curve": "stepped" },
					{ "time": 0.3333, "x": 0, "y": 0 }
				],
				"scale": [
					{ "time": 0, "x": 1, "y": 1, "curve": "stepped" },
					{ "time": 0.3333, "x": 1, "y": 1 }
				]
			},
			"months_paper_1": {
				"rotate": [
					{ "time": 0, "angle": 0, "curve": "stepped" },
					{ "time": 0.3333, "angle": 0 }
				],
				"translate": [
					{ "time": 0, "x": 0, "y": 0, "curve": "stepped" },
					{ "time": 0.3333, "x": 0, "y": 0 }
				],
				"scale": [
					{ "time": 0, "x": 1, "y": 1, "curve": "stepped" },
					{ "time": 0.3333, "x": 1, "y": 1 }
				]
			},
			"text_months_1": {
				"rotate": [
					{ "time": 0, "angle": 0, "curve": "stepped" },
					{ "time": 0.3333, "angle": 0 }
				],
				"translate": [
					{ "time": 0, "x": 0, "y": 0, "curve": "stepped" },
					{ "time": 0.3333, "x": 0, "y": 0 }
				],
				"scale": [
					{ "time": 0, "x": 1, "y": 1, "curve": "stepped" },
					{ "time": 0.3333, "x": 1, "y": 1 }
				]
			},
			"text_best_months_score_1": {
				"rotate": [
					{ "time": 0, "angle": 0, "curve": "stepped" },
					{ "time": 0.3333, "angle": 0 }
				],
				"translate": [
					{ "time": 0, "x": 0, "y": 0, "curve": "stepped" },
					{ "time": 0.3333, "x": 0, "y": 0 }
				],
				"scale": [
					{ "time": 0, "x": 1, "y": 1, "curve": "stepped" },
					{ "time": 0.3333, "x": 1, "y": 1 }
				]
			},
			"text_best_months_1": {
				"rotate": [
					{ "time": 0, "angle": 0, "curve": "stepped" },
					{ "time": 0.3333, "angle": 0 }
				],
				"translate": [
					{ "time": 0, "x": 0, "y": 0, "curve": "stepped" },
					{ "time": 0.3333, "x": 0, "y": 0 }
				],
				"scale": [
					{ "time": 0, "x": 1, "y": 1, "curve": "stepped" },
					{ "time": 0.3333, "x": 1, "y": 1 }
				]
			},
			"months_paper_2": {
				"rotate": [
					{ "time": 0, "angle": 0 },
					{ "time": 0.3333, "angle": 19.5 }
				],
				"translate": [
					{ "time": 0, "x": 0, "y": 0 },
					{ "time": 0.3333, "x": 364.14, "y": 120.87 }
				],
				"scale": [
					{ "time": 0, "x": 1, "y": 1 },
					{ "time": 0.3333, "x": 0.9, "y": 0.9 }
				]
			},
			"text_months_score_2": {
				"rotate": [
					{ "time": 0, "angle": 0, "curve": "stepped" },
					{ "time": 0.3333, "angle": 0 }
				],
				"translate": [
					{ "time": 0, "x": 0, "y": 0, "curve": "stepped" },
					{ "time": 0.3333, "x": 0, "y": 0 }
				],
				"scale": [
					{ "time": 0, "x": 1, "y": 1, "curve": "stepped" },
					{ "time": 0.3333, "x": 1, "y": 1 }
				]
			},
			"text_months_2": {
				"rotate": [
					{ "time": 0, "angle": 0, "curve": "stepped" },
					{ "time": 0.3333, "angle": 0 }
				],
				"translate": [
					{ "time": 0, "x": 0, "y": 0, "curve": "stepped" },
					{ "time": 0.3333, "x": 0, "y": 0 }
				],
				"scale": [
					{ "time": 0, "x": 1, "y": 1, "curve": "stepped" },
					{ "time": 0.3333, "x": 1, "y": 1 }
				]
			},
			"text_best_months_score_2": {
				"rotate": [
					{ "time": 0, "angle": 0, "curve": "stepped" },
					{ "time": 0.3333, "angle": 0 }
				],
				"translate": [
					{ "time": 0, "x": 0, "y": 0, "curve": "stepped" },
					{ "time": 0.3333, "x": 0, "y": 0 }
				],
				"scale": [
					{ "time": 0, "x": 1, "y": 1, "curve": "stepped" },
					{ "time": 0.3333, "x": 1, "y": 1 }
				]
			},
			"text_best_months_2": {
				"rotate": [
					{ "time": 0, "angle": 0, "curve": "stepped" },
					{ "time": 0.3333, "angle": 0 }
				],
				"translate": [
					{ "time": 0, "x": 0, "y": 0, "curve": "stepped" },
					{ "time": 0.3333, "x": 0, "y": 0 }
				],
				"scale": [
					{ "time": 0, "x": 1, "y": 1, "curve": "stepped" },
					{ "time": 0.3333, "x": 1, "y": 1 }
				]
			}
		}
	},
	"months_paper_stop": {
		"slots": {
			"months_paper_1": {
				"color": [
					{ "time": 0, "color": "ffffffff" }
				],
				"attachment": [
					{ "time": 0, "name": "months_paper" }
				]
			},
			"months_paper_2": {
				"color": [
					{ "time": 0, "color": "ffffffff" }
				],
				"attachment": [
					{ "time": 0, "name": null }
				]
			},
			"text_best_months_1": {
				"color": [
					{ "time": 0, "color": "ffffffff" }
				],
				"attachment": [
					{ "time": 0, "name": "text_best_months" }
				]
			},
			"text_best_months_2": {
				"color": [
					{ "time": 0, "color": "ffffffff" }
				],
				"attachment": [
					{ "time": 0, "name": null }
				]
			},
			"text_best_months_score_1": {
				"color": [
					{ "time": 0, "color": "ffffffff" }
				],
				"attachment": [
					{ "time": 0, "name": "text_best_months_score" }
				]
			},
			"text_best_months_score_2": {
				"color": [
					{ "time": 0, "color": "ffffffff" }
				],
				"attachment": [
					{ "time": 0, "name": null }
				]
			},
			"text_months_1": {
				"color": [
					{ "time": 0, "color": "ffffffff" }
				],
				"attachment": [
					{ "time": 0, "name": "text_months" }
				]
			},
			"text_months_2": {
				"color": [
					{ "time": 0, "color": "ffffffff" }
				],
				"attachment": [
					{ "time": 0, "name": null }
				]
			},
			"text_months_score_1": {
				"color": [
					{ "time": 0, "color": "ffffffff" }
				],
				"attachment": [
					{ "time": 0, "name": "text_months_score" }
				]
			},
			"text_months_score_2": {
				"color": [
					{ "time": 0, "color": "ffffffff" }
				],
				"attachment": [
					{ "time": 0, "name": null }
				]
			}
		},
		"bones": {
			"text_months_score_1": {
				"rotate": [
					{ "time": 0, "angle": 0 }
				],
				"translate": [
					{ "time": 0, "x": 0, "y": 0 }
				],
				"scale": [
					{ "time": 0, "x": 1, "y": 1 }
				]
			},
			"months_paper_1": {
				"rotate": [
					{ "time": 0, "angle": 0 }
				],
				"translate": [
					{ "time": 0, "x": 0, "y": 0 }
				],
				"scale": [
					{ "time": 0, "x": 1, "y": 1 }
				]
			},
			"text_months_1": {
				"rotate": [
					{ "time": 0, "angle": 0 }
				],
				"translate": [
					{ "time": 0, "x": 0, "y": 0 }
				],
				"scale": [
					{ "time": 0, "x": 1, "y": 1 }
				]
			},
			"text_best_months_score_1": {
				"rotate": [
					{ "time": 0, "angle": 0 }
				],
				"translate": [
					{ "time": 0, "x": 0, "y": 0 }
				],
				"scale": [
					{ "time": 0, "x": 1, "y": 1 }
				]
			},
			"text_best_months_1": {
				"rotate": [
					{ "time": 0, "angle": 0 }
				],
				"translate": [
					{ "time": 0, "x": 0, "y": 0 }
				],
				"scale": [
					{ "time": 0, "x": 1, "y": 1 }
				]
			},
			"months_paper_2": {
				"rotate": [
					{ "time": 0, "angle": 0 }
				],
				"translate": [
					{ "time": 0, "x": 0, "y": 0 }
				],
				"scale": [
					{ "time": 0, "x": 1, "y": 1 }
				]
			},
			"text_months_score_2": {
				"rotate": [
					{ "time": 0, "angle": 0 }
				],
				"translate": [
					{ "time": 0, "x": 0, "y": 0 }
				],
				"scale": [
					{ "time": 0, "x": 1, "y": 1 }
				]
			},
			"text_months_2": {
				"rotate": [
					{ "time": 0, "angle": 0 }
				],
				"translate": [
					{ "time": 0, "x": 0, "y": 0 }
				],
				"scale": [
					{ "time": 0, "x": 1, "y": 1 }
				]
			},
			"text_best_months_score_2": {
				"rotate": [
					{ "time": 0, "angle": 0 }
				],
				"translate": [
					{ "time": 0, "x": 0, "y": 0 }
				],
				"scale": [
					{ "time": 0, "x": 1, "y": 1 }
				]
			},
			"text_best_months_2": {
				"rotate": [
					{ "time": 0, "angle": 0 }
				],
				"translate": [
					{ "time": 0, "x": 0, "y": 0 }
				],
				"scale": [
					{ "time": 0, "x": 1, "y": 1 }
				]
			}
		}
	}
}
}