<font>
	<info face="D:\PROJECT\No21 Game(땅짜르기)\ART\png\font_1fbb99-export" size="40" />
	<common lineHeight="40" scaleW="90" scaleH="87" pages="1" />
	<pages>
		<page id="0" file="D:\PROJECT\No21 Game(땅짜르기)\ART\png\font_1fbb99-export.png" />
	</pages>
	<chars count="13">
		<char id="48" x="0" y="58" width="24" height="28" xoffset="0" yoffset="12" xadvance="28" /><!-- 0 -->
		<char id="49" x="73" y="56" width="16" height="28" xoffset="0" yoffset="12" xadvance="20" /><!-- 1 -->
		<char id="50" x="49" y="58" width="23" height="27" xoffset="0" yoffset="12" xadvance="27" /><!-- 2 -->
		<char id="51" x="50" y="28" width="23" height="27" xoffset="0" yoffset="13" xadvance="27" /><!-- 3 -->
		<char id="52" x="0" y="0" width="26" height="28" xoffset="0" yoffset="12" xadvance="30" /><!-- 4 -->
		<char id="53" x="27" y="0" width="23" height="27" xoffset="0" yoffset="13" xadvance="27" /><!-- 5 -->
		<char id="54" x="26" y="29" width="23" height="28" xoffset="0" yoffset="12" xadvance="27" /><!-- 6 -->
		<char id="55" x="51" y="0" width="22" height="27" xoffset="0" yoffset="13" xadvance="26" /><!-- 7 -->
		<char id="56" x="0" y="29" width="25" height="28" xoffset="0" yoffset="12" xadvance="29" /><!-- 8 -->
		<char id="57" x="25" y="58" width="23" height="28" xoffset="0" yoffset="12" xadvance="27" /><!-- 9 -->
		<char id="58" x="74" y="0" width="10" height="21" xoffset="0" yoffset="19" xadvance="14" /><!-- : -->
		<char id="32" x="0" y="0" width="0" height="0" xoffset="0" yoffset="0" xadvance="15" /><!--   -->
		<char id="9" x="0" y="0" width="0" height="0" xoffset="0" yoffset="0" xadvance="120" /><!-- 	 -->
	</chars>
	<kernings count="0">
	</kernings>
</font>