<font>
	<info face="D:\PROJECT\No21 Game(땅짜르기)\ART\png\font-export-black" size="80" />
	<common lineHeight="80" scaleW="501" scaleH="500" pages="1" />
	<pages>
		<page id="0" file="D:\PROJECT\No21 Game(땅짜르기)\ART\png\font-export-black.png" />
	</pages>
	<chars count="44">
		<char id="65" x="0" y="246" width="80" height="82" xoffset="0" yoffset="-2" xadvance="85" /><!-- A -->
		<char id="66" x="156" y="252" width="71" height="77" xoffset="0" yoffset="1" xadvance="76" /><!-- B -->
		<char id="67" x="335" y="0" width="69" height="83" xoffset="0" yoffset="-2" xadvance="74" /><!-- C -->
		<char id="68" x="229" y="161" width="70" height="77" xoffset="0" yoffset="1" xadvance="75" /><!-- D -->
		<char id="69" x="368" y="417" width="68" height="78" xoffset="0" yoffset="0" xadvance="73" /><!-- E -->
		<char id="70" x="369" y="249" width="67" height="79" xoffset="0" yoffset="1" xadvance="72" /><!-- F -->
		<char id="71" x="264" y="0" width="70" height="83" xoffset="0" yoffset="-2" xadvance="75" /><!-- G -->
		<char id="72" x="180" y="80" width="71" height="80" xoffset="0" yoffset="0" xadvance="76" /><!-- H -->
		<char id="73" x="437" y="406" width="25" height="80" xoffset="0" yoffset="0" xadvance="30" /><!-- I -->
		<char id="74" x="437" y="324" width="47" height="81" xoffset="0" yoffset="0" xadvance="52" /><!-- J -->
		<char id="75" x="155" y="330" width="72" height="80" xoffset="0" yoffset="0" xadvance="77" /><!-- K -->
		<char id="76" x="437" y="81" width="63" height="78" xoffset="0" yoffset="0" xadvance="68" /><!-- L -->
		<char id="77" x="0" y="82" width="104" height="82" xoffset="0" yoffset="-2" xadvance="109" /><!-- M -->
		<char id="78" x="156" y="171" width="72" height="80" xoffset="0" yoffset="0" xadvance="77" /><!-- N -->
		<char id="79" x="81" y="246" width="74" height="83" xoffset="0" yoffset="-2" xadvance="79" /><!-- O -->
		<char id="80" x="298" y="420" width="69" height="79" xoffset="0" yoffset="1" xadvance="74" /><!-- P -->
		<char id="81" x="105" y="82" width="74" height="88" xoffset="0" yoffset="-2" xadvance="79" /><!-- Q -->
		<char id="82" x="153" y="411" width="72" height="79" xoffset="0" yoffset="1" xadvance="77" /><!-- R -->
		<char id="83" x="300" y="84" width="69" height="83" xoffset="0" yoffset="-2" xadvance="74" /><!-- S -->
		<char id="84" x="119" y="0" width="73" height="79" xoffset="0" yoffset="1" xadvance="78" /><!-- T -->
		<char id="85" x="226" y="411" width="71" height="81" xoffset="0" yoffset="0" xadvance="76" /><!-- U -->
		<char id="86" x="0" y="329" width="79" height="81" xoffset="0" yoffset="0" xadvance="84" /><!-- V -->
		<char id="87" x="0" y="0" width="118" height="81" xoffset="0" yoffset="0" xadvance="123" /><!-- W -->
		<char id="88" x="80" y="330" width="74" height="80" xoffset="0" yoffset="0" xadvance="79" /><!-- X -->
		<char id="89" x="0" y="411" width="76" height="80" xoffset="0" yoffset="0" xadvance="81" /><!-- Y -->
		<char id="90" x="193" y="0" width="70" height="77" xoffset="0" yoffset="1" xadvance="75" /><!-- Z -->
		<char id="48" x="298" y="336" width="69" height="83" xoffset="0" yoffset="-2" xadvance="74" /><!-- 0 -->
		<char id="49" x="437" y="243" width="47" height="80" xoffset="0" yoffset="0" xadvance="52" /><!-- 1 -->
		<char id="50" x="405" y="0" width="66" height="80" xoffset="0" yoffset="-2" xadvance="71" /><!-- 2 -->
		<char id="51" x="368" y="336" width="68" height="80" xoffset="0" yoffset="1" xadvance="73" /><!-- 3 -->
		<char id="52" x="77" y="411" width="75" height="82" xoffset="0" yoffset="-2" xadvance="80" /><!-- 4 -->
		<char id="53" x="369" y="168" width="67" height="80" xoffset="0" yoffset="1" xadvance="72" /><!-- 5 -->
		<char id="54" x="300" y="168" width="68" height="83" xoffset="0" yoffset="-2" xadvance="73" /><!-- 6 -->
		<char id="55" x="370" y="84" width="66" height="79" xoffset="0" yoffset="1" xadvance="71" /><!-- 7 -->
		<char id="56" x="228" y="252" width="71" height="83" xoffset="0" yoffset="-2" xadvance="76" /><!-- 8 -->
		<char id="57" x="300" y="252" width="68" height="83" xoffset="0" yoffset="-2" xadvance="73" /><!-- 9 -->
		<char id="44" x="124" y="193" width="25" height="36" xoffset="0" yoffset="56" xadvance="30" /><!-- , -->
		<char id="43" x="228" y="336" width="61" height="61" xoffset="0" yoffset="10" xadvance="66" /><!-- + -->
		<char id="45" x="97" y="171" width="56" height="21" xoffset="0" yoffset="30" xadvance="61" /><!-- - -->
		<char id="63" x="437" y="160" width="62" height="82" xoffset="0" yoffset="-2" xadvance="67" /><!-- ? -->
		<char id="37" x="0" y="165" width="96" height="80" xoffset="0" yoffset="0" xadvance="101" /><!-- % -->
		<char id="46" x="97" y="193" width="26" height="24" xoffset="0" yoffset="56" xadvance="31" /><!-- . -->
		<char id="32" x="0" y="0" width="0" height="0" xoffset="0" yoffset="0" xadvance="20" /><!--   -->
		<char id="9" x="0" y="0" width="0" height="0" xoffset="0" yoffset="0" xadvance="160" /><!-- 	 -->
	</chars>
	<kernings count="0">
	</kernings>
</font>