{
"skeleton": { "hash": "BBYbg24a//lcb6/MBvkslzlKerY", "spine": "3.6.51", "width": 720, "height": 1280, "images": "./resource/" },
"bones": [
	{ "name": "root" },
	{ "name": "arrow", "parent": "root", "y": -64.23 },
	{ "name": "btn_white", "parent": "root" },
	{ "name": "eff", "parent": "root", "x": -21.77, "y": 31.86, "scaleX": 2.336, "scaleY": 1.555 },
	{ "name": "watch_icon", "parent": "arrow", "x": 1.67, "y": 187.97 },
	{ "name": "needle", "parent": "watch_icon", "x": 1.51, "y": -6.7 },
	{ "name": "text_30sec", "parent": "root", "x": -4.98, "y": 2.09 }
],
"slots": [
	{ "name": "btn_white", "bone": "btn_white" },
	{ "name": "watch", "bone": "watch_icon" },
	{ "name": "watch_2", "bone": "needle" },
	{ "name": "watch_3", "bone": "watch_icon" },
	{ "name": "arrow", "bone": "arrow" },
	{ "name": "text_30sec", "bone": "text_30sec" },
	{ "name": "text_30sec_white", "bone": "text_30sec" },
	{ "name": "eff", "bone": "eff", "color": "fffa9eff" }
],
"skins": {
	"default": {
		"arrow": {
			"arrow": { "y": 47.27, "width": 139, "height": 133 }
		},
		"btn_white": {
			"btn_white": { "width": 232, "height": 114 }
		},
		"eff": {
			"particle-eff-01": { "width": 116, "height": 109 },
			"particle-eff-02": { "width": 116, "height": 109 },
			"particle-eff-03": { "width": 116, "height": 109 },
			"particle-eff-04": { "width": 116, "height": 109 },
			"particle-eff-05": { "width": 116, "height": 109 }
		},
		"text_30sec": {
			"text_30sec": { "width": 208, "height": 59 }
		},
		"text_30sec_white": {
			"text_30sec_white": { "width": 208, "height": 59 }
		},
		"watch": {
			"watch": { "width": 212, "height": 247 }
		},
		"watch_2": {
			"watch_2": { "x": 17.99, "y": 18.32, "width": 75, "height": 74 }
		},
		"watch_3": {
			"watch_3": { "x": 1.51, "y": -6.7, "width": 17, "height": 18 }
		}
	}
},
"animations": {
	"btn_check_ani": {
		"slots": {
			"arrow": {
				"color": [
					{ "time": 0, "color": "ffffff00", "curve": "stepped" },
					{ "time": 0.1, "color": "ffffff00" },
					{ "time": 0.2, "color": "ffffffff", "curve": "stepped" },
					{ "time": 1.3333, "color": "ffffffff" },
					{ "time": 1.5667, "color": "ffffff00", "curve": "stepped" },
					{ "time": 1.9667, "color": "ffffff00" }
				],
				"attachment": [
					{ "time": 0, "name": "arrow" },
					{ "time": 1.9667, "name": "arrow" }
				]
			},
			"btn_white": {
				"color": [
					{ "time": 0, "color": "ffffff00" },
					{ "time": 0.1, "color": "ffffffff" },
					{ "time": 0.4, "color": "ffffff00", "curve": "stepped" },
					{ "time": 1.3333, "color": "ffffff00", "curve": "stepped" },
					{ "time": 1.9667, "color": "ffffff00" }
				],
				"attachment": [
					{ "time": 0, "name": "btn_white" },
					{ "time": 1.9667, "name": "btn_white" }
				]
			},
			"eff": {
				"color": [
					{ "time": 0, "color": "fffa9ecb", "curve": "stepped" },
					{ "time": 0.1, "color": "fffa9ecb" },
					{ "time": 1.1, "color": "fffa9e00", "curve": "stepped" },
					{ "time": 1.9667, "color": "fffa9e00" }
				],
				"attachment": [
					{ "time": 0, "name": null },
					{ "time": 0.1, "name": "particle-eff-01" },
					{ "time": 0.2, "name": "particle-eff-02" },
					{ "time": 0.3, "name": "particle-eff-03" },
					{ "time": 0.4, "name": "particle-eff-04" },
					{ "time": 0.5, "name": "particle-eff-05" },
					{ "time": 0.6, "name": "particle-eff-01" },
					{ "time": 0.7, "name": "particle-eff-02" },
					{ "time": 0.8, "name": "particle-eff-03" },
					{ "time": 0.9, "name": "particle-eff-04" },
					{ "time": 1, "name": "particle-eff-05" },
					{ "time": 1.1, "name": "particle-eff-01" },
					{ "time": 1.9667, "name": "particle-eff-01" }
				]
			},
			"text_30sec": {
				"color": [
					{ "time": 0, "color": "ffffff00", "curve": "stepped" },
					{ "time": 0.5667, "color": "ffffff00" },
					{ "time": 0.6667, "color": "ffffffff", "curve": "stepped" },
					{ "time": 1.6, "color": "ffffffff" },
					{ "time": 1.8, "color": "ffffff00", "curve": "stepped" },
					{ "time": 1.9667, "color": "ffffff00" }
				],
				"attachment": [
					{ "time": 0, "name": "text_30sec" },
					{ "time": 1.9667, "name": "text_30sec" }
				]
			},
			"text_30sec_white": {
				"color": [
					{ "time": 0, "color": "ffffff00", "curve": "stepped" },
					{ "time": 0.5667, "color": "ffffff00" },
					{ "time": 0.6667, "color": "ffffffff" },
					{ "time": 0.8667, "color": "ffffff00", "curve": "stepped" },
					{ "time": 1.9667, "color": "ffffff00" }
				],
				"attachment": [
					{ "time": 0, "name": "text_30sec_white" },
					{ "time": 1.9667, "name": "text_30sec_white" }
				]
			},
			"watch": {
				"color": [
					{ "time": 0, "color": "ffffff00", "curve": "stepped" },
					{ "time": 0.1, "color": "ffffff00" },
					{ "time": 0.2, "color": "ffffffff", "curve": "stepped" },
					{ "time": 1.3333, "color": "ffffffff" },
					{ "time": 1.5667, "color": "ffffff00", "curve": "stepped" },
					{ "time": 1.9667, "color": "ffffff00" }
				],
				"attachment": [
					{ "time": 0, "name": "watch" },
					{ "time": 1.9667, "name": "watch" }
				]
			},
			"watch_2": {
				"color": [
					{ "time": 0, "color": "ffffff00", "curve": "stepped" },
					{ "time": 0.1, "color": "ffffff00" },
					{ "time": 0.2, "color": "ffffffff", "curve": "stepped" },
					{ "time": 1.3333, "color": "ffffffff" },
					{ "time": 1.5667, "color": "ffffff00", "curve": "stepped" },
					{ "time": 1.9667, "color": "ffffff00" }
				],
				"attachment": [
					{ "time": 0, "name": "watch_2" },
					{ "time": 1.9667, "name": "watch_2" }
				]
			},
			"watch_3": {
				"color": [
					{ "time": 0, "color": "ffffff00", "curve": "stepped" },
					{ "time": 0.1, "color": "ffffff00" },
					{ "time": 0.2, "color": "ffffffff", "curve": "stepped" },
					{ "time": 1.3333, "color": "ffffffff" },
					{ "time": 1.5667, "color": "ffffff00", "curve": "stepped" },
					{ "time": 1.9667, "color": "ffffff00" }
				],
				"attachment": [
					{ "time": 0, "name": "watch_3" },
					{ "time": 1.9667, "name": "watch_3" }
				]
			}
		},
		"bones": {
			"watch_icon": {
				"rotate": [
					{ "time": 0, "angle": 0, "curve": "stepped" },
					{ "time": 1.9667, "angle": 0 }
				],
				"translate": [
					{ "time": 0, "x": 0, "y": 0, "curve": "stepped" },
					{ "time": 1.9667, "x": 0, "y": 0 }
				],
				"scale": [
					{ "time": 0, "x": 1, "y": 1, "curve": "stepped" },
					{ "time": 1.9667, "x": 1, "y": 1 }
				]
			},
			"needle": {
				"rotate": [
					{ "time": 0, "angle": 0, "curve": "stepped" },
					{ "time": 0.1, "angle": 0 },
					{ "time": 0.3333, "angle": -90 },
					{ "time": 0.5667, "angle": 180 },
					{ "time": 0.8, "angle": 90 },
					{ "time": 1.0333, "angle": 0 },
					{ "time": 1.2667, "angle": -90 },
					{ "time": 1.5, "angle": 180 },
					{ "time": 1.7333, "angle": 90 },
					{ "time": 1.9667, "angle": 0 }
				],
				"translate": [
					{ "time": 0, "x": 0, "y": 0, "curve": "stepped" },
					{ "time": 1.9667, "x": 0, "y": 0 }
				],
				"scale": [
					{ "time": 0, "x": 1, "y": 1, "curve": "stepped" },
					{ "time": 1.9667, "x": 1, "y": 1 }
				]
			},
			"text_30sec": {
				"rotate": [
					{ "time": 0, "angle": 0, "curve": "stepped" },
					{ "time": 1.9667, "angle": 0 }
				],
				"translate": [
					{ "time": 0, "x": 0, "y": 0, "curve": "stepped" },
					{ "time": 1.9667, "x": 0, "y": 0 }
				],
				"scale": [
					{ "time": 0, "x": 0.65, "y": 0.65, "curve": "stepped" },
					{ "time": 0.5667, "x": 0.65, "y": 0.65 },
					{ "time": 0.6667, "x": 1.1, "y": 1.1 },
					{ "time": 0.8667, "x": 1, "y": 1, "curve": "stepped" },
					{ "time": 1.6, "x": 1, "y": 1 },
					{ "time": 1.8, "x": 1.2, "y": 1.2, "curve": "stepped" },
					{ "time": 1.9667, "x": 1.2, "y": 1.2 }
				]
			},
			"eff": {
				"rotate": [
					{ "time": 0, "angle": 0, "curve": "stepped" },
					{ "time": 1.9667, "angle": 0 }
				],
				"translate": [
					{ "time": 0, "x": 16.7, "y": -12.99, "curve": "stepped" },
					{ "time": 1.9667, "x": 16.7, "y": -12.99 }
				],
				"scale": [
					{ "time": 0, "x": 1.074, "y": 1, "curve": "stepped" },
					{ "time": 1.9667, "x": 1.074, "y": 1 }
				]
			},
			"btn_white": {
				"rotate": [
					{ "time": 0, "angle": 0, "curve": "stepped" },
					{ "time": 1.9667, "angle": 0 }
				],
				"translate": [
					{ "time": 0, "x": 0, "y": 0, "curve": "stepped" },
					{ "time": 1.9667, "x": 0, "y": 0 }
				],
				"scale": [
					{ "time": 0, "x": 0.5, "y": 0.5 },
					{ "time": 0.1, "x": 1, "y": 1 },
					{ "time": 0.4, "x": 1.049, "y": 1.141, "curve": "stepped" },
					{ "time": 1.9667, "x": 1.049, "y": 1.141 }
				]
			},
			"arrow": {
				"rotate": [
					{ "time": 0, "angle": 0, "curve": "stepped" },
					{ "time": 1.9667, "angle": 0 }
				],
				"translate": [
					{ "time": 0, "x": 0, "y": 0, "curve": "stepped" },
					{ "time": 0.1, "x": 0, "y": 0 },
					{ "time": 0.3, "x": 0, "y": 84.45, "curve": "stepped" },
					{ "time": 1.3333, "x": 0, "y": 84.45 },
					{ "time": 1.5667, "x": 0, "y": 68.67, "curve": "stepped" },
					{ "time": 1.9667, "x": 0, "y": 68.67 }
				],
				"scale": [
					{ "time": 0, "x": 0.898, "y": 0.322, "curve": "stepped" },
					{ "time": 0.1, "x": 0.898, "y": 0.322 },
					{ "time": 0.3, "x": 0.972, "y": 0.972 },
					{ "time": 0.5, "x": 1, "y": 1, "curve": "stepped" },
					{ "time": 1.3333, "x": 1, "y": 1 },
					{ "time": 1.5667, "x": 1.2, "y": 1.2, "curve": "stepped" },
					{ "time": 1.9667, "x": 1.2, "y": 1.2 }
				]
			}
		}
	}
}
}