{
"skeleton": { "hash": "wvfmTCume+pGPSU0kifT1avMPoc", "spine": "3.6.52", "width": 812.62, "height": 1280, "images": "./resource/" },
"bones": [
	{ "name": "root" },
	{ "name": "back_eff", "parent": "root", "rotation": -45, "x": -360, "y": 640, "scaleX": 4, "scaleY": 4 },
	{ "name": "under_ui", "parent": "root", "y": -521.55 },
	{ "name": "banner", "parent": "under_ui", "x": 20.05, "y": -39.79 },
	{ "name": "bird_1", "parent": "root", "x": 564.68, "y": 16.35 },
	{ "name": "btn_sound", "parent": "root", "x": 299.8, "y": 585.14 },
	{ "name": "btn_start", "parent": "root", "x": -140.23, "y": -298.38 },
	{ "name": "btn_tutorial", "parent": "root", "x": 215.4, "y": 585.1 },
	{ "name": "character", "parent": "root", "x": 193.56, "y": -523.35 },
	{ "name": "cha_arm_1", "parent": "character", "x": 104.04, "y": 193.18 },
	{ "name": "cha_arm_2", "parent": "character", "x": -79.26, "y": 214.33 },
	{ "name": "cha_head", "parent": "character", "x": -8.76, "y": 301.28 },
	{ "name": "cha_eye_1", "parent": "cha_head", "x": -16.94, "y": 84.44 },
	{ "name": "cha_eye_2", "parent": "cha_head", "x": -77.1, "y": 81.62, "scaleX": 0.9, "scaleY": 0.9 },
	{ "name": "text_banner_color", "parent": "under_ui", "x": 133.99, "y": -38.07 },
	{ "name": "text_star_count", "parent": "under_ui", "x": 138.5, "y": 36.25 },
	{ "name": "title", "parent": "root", "y": 312.66 },
	{ "name": "title_7", "parent": "title", "y": -102.79 },
	{ "name": "title_slot_1", "parent": "title", "x": -272.32, "y": -25.39 },
	{ "name": "title_slot_2", "parent": "title", "x": -163.49, "y": -25.39 },
	{ "name": "title_slot_3", "parent": "title", "x": -54.51, "y": -25.39 },
	{ "name": "title_slot_4", "parent": "title", "x": 54.46, "y": -25.39 },
	{ "name": "title_slot_5", "parent": "title", "x": 162.38, "y": -25.39 },
	{ "name": "title_slot_6", "parent": "title", "x": 271.35, "y": -25.39 }
],
"slots": [
	{ "name": "back", "bone": "root", "attachment": "back" },
	{ "name": "bird_1", "bone": "bird_1" },
	{ "name": "bird_3", "bone": "bird_1" },
	{ "name": "bird_2", "bone": "bird_1", "color": "adadadff" },
	{ "name": "back_eff", "bone": "back_eff" },
	{ "name": "btn_start", "bone": "btn_start" },
	{ "name": "cha_body", "bone": "character", "attachment": "cha_body" },
	{ "name": "cha_head", "bone": "cha_head", "attachment": "cha_head" },
	{ "name": "cha_arm_1", "bone": "cha_arm_1", "attachment": "cha_arm_1" },
	{ "name": "cha_arm_2", "bone": "cha_arm_2", "attachment": "cha_arm_2" },
	{ "name": "cha_eye_1", "bone": "cha_eye_1", "attachment": "cha_eye" },
	{ "name": "cha_eye_2", "bone": "cha_eye_2", "attachment": "cha_eye" },
	{ "name": "title_add", "bone": "title" },
	{ "name": "title_1", "bone": "title_slot_1" },
	{ "name": "title_2", "bone": "title_slot_2" },
	{ "name": "title_3", "bone": "title_slot_3" },
	{ "name": "title_4", "bone": "title_slot_4" },
	{ "name": "title_5", "bone": "title_slot_5" },
	{ "name": "title_6", "bone": "title_slot_6" },
	{ "name": "under_ui", "bone": "under_ui" },
	{ "name": "banner", "bone": "banner" },
	{ "name": "text_banner_color", "bone": "text_banner_color" },
	{ "name": "text_star_count", "bone": "text_star_count" },
	{ "name": "btn_sound", "bone": "btn_sound" },
	{ "name": "btn_tutorial", "bone": "btn_tutorial" },
	{ "name": "title_7", "bone": "title_7" }
],
"skins": {
	"default": {
		"back": {
			"back": { "width": 720, "height": 1280 }
		},
		"back_eff": {
			"back_eff": { "x": 168.29, "y": -44.86, "rotation": 45, "width": 175, "height": 302 }
		},
		"banner": {
			"banner": { "width": 19, "height": 19 }
		},
		"bird_1": {
			"bird_1": { "width": 70, "height": 87 },
			"bird_2": { "width": 70, "height": 87 }
		},
		"bird_2": {
			"bird_1": { "x": -57.95, "y": 68.36, "scaleX": 1.3, "scaleY": 1.3, "width": 70, "height": 87 },
			"bird_2": { "x": -57.95, "y": 68.36, "scaleX": 1.3, "scaleY": 1.3, "width": 70, "height": 87 }
		},
		"bird_3": {
			"bird_1": { "x": -150.09, "y": 57.95, "width": 70, "height": 87 },
			"bird_2": { "x": -150.09, "y": 57.95, "width": 70, "height": 87 }
		},
		"btn_sound": {
			"btn_sound_on": { "width": 19, "height": 19 }
		},
		"btn_start": {
			"btn_start": { "width": 19, "height": 19 }
		},
		"btn_tutorial": {
			"btn_tutorial": { "width": 19, "height": 19 }
		},
		"cha_arm_1": {
			"cha_arm_1": { "x": -57.57, "y": 29.37, "width": 169, "height": 166 }
		},
		"cha_arm_2": {
			"cha_arm_2": { "x": -3.53, "y": -37.6, "width": 173, "height": 151 }
		},
		"cha_body": {
			"cha_body": { "x": -63.45, "y": 101.05, "width": 516, "height": 433 }
		},
		"cha_eye_1": {
			"cha_eye": { "x": 0.17, "y": 0.57, "width": 26, "height": 40 }
		},
		"cha_eye_2": {
			"cha_eye": { "x": 0.17, "y": 0.57, "width": 26, "height": 40 }
		},
		"cha_head": {
			"cha_head": { "x": 18.33, "y": 113, "width": 499, "height": 366 }
		},
		"text_banner_color": {
			"text_banner_color": { "width": 19, "height": 19 }
		},
		"text_star_count": {
			"text_star_count": { "width": 19, "height": 19 }
		},
		"title_1": {
			"title_1": { "width": 107, "height": 108 }
		},
		"title_2": {
			"title_2": { "width": 107, "height": 108 }
		},
		"title_3": {
			"title_3": { "width": 107, "height": 108 }
		},
		"title_4": {
			"title_4": { "width": 107, "height": 108 }
		},
		"title_5": {
			"title_5": { "width": 107, "height": 108 }
		},
		"title_6": {
			"title_6": { "width": 107, "height": 108 }
		},
		"title_7": {
			"title_7": { "width": 200, "height": 44 }
		},
		"title_add": {
			"title_add": { "width": 419, "height": 385 }
		},
		"under_ui": {
			"under_ui": { "width": 546, "height": 162 }
		}
	}
},
"animations": {
	"title_idle": {
		"slots": {
			"back": {
				"color": [
					{ "time": 0, "color": "ffffffff", "curve": "stepped" },
					{ "time": 2.3333, "color": "ffffffff" }
				],
				"attachment": [
					{ "time": 0, "name": "back" },
					{ "time": 2.3333, "name": "back" }
				]
			},
			"back_eff": {
				"color": [
					{ "time": 0, "color": "ffffffff", "curve": "stepped" },
					{ "time": 2.3333, "color": "ffffffff" }
				],
				"attachment": [
					{ "time": 0, "name": "back_eff" },
					{ "time": 2.3333, "name": "back_eff" }
				]
			},
			"banner": {
				"color": [
					{ "time": 0, "color": "ffffffff", "curve": "stepped" },
					{ "time": 2.3333, "color": "ffffffff" }
				],
				"attachment": [
					{ "time": 0, "name": "banner" },
					{ "time": 2.3333, "name": "banner" }
				]
			},
			"bird_1": {
				"color": [
					{ "time": 0, "color": "ffffff00", "curve": "stepped" },
					{ "time": 2.3333, "color": "ffffff00" }
				],
				"attachment": [
					{ "time": 0, "name": "bird_2" },
					{ "time": 2.3333, "name": "bird_2" }
				]
			},
			"bird_2": {
				"color": [
					{ "time": 0, "color": "adadad00", "curve": "stepped" },
					{ "time": 2.3333, "color": "adadad00" }
				],
				"attachment": [
					{ "time": 0, "name": "bird_1" },
					{ "time": 2.3333, "name": "bird_1" }
				]
			},
			"bird_3": {
				"color": [
					{ "time": 0, "color": "ffffff00", "curve": "stepped" },
					{ "time": 2.3333, "color": "ffffff00" }
				],
				"attachment": [
					{ "time": 0, "name": "bird_2" },
					{ "time": 2.3333, "name": "bird_2" }
				]
			},
			"btn_sound": {
				"color": [
					{ "time": 0, "color": "ffffffff", "curve": "stepped" },
					{ "time": 2.3333, "color": "ffffffff" }
				],
				"attachment": [
					{ "time": 0, "name": "btn_sound_on" },
					{ "time": 2.3333, "name": "btn_sound_on" }
				]
			},
			"btn_start": {
				"color": [
					{ "time": 0, "color": "ffffffff", "curve": "stepped" },
					{ "time": 2.3333, "color": "ffffffff" }
				],
				"attachment": [
					{ "time": 0, "name": "btn_start" },
					{ "time": 2.3333, "name": "btn_start" }
				]
			},
			"btn_tutorial": {
				"color": [
					{ "time": 0, "color": "ffffffff", "curve": "stepped" },
					{ "time": 2.3333, "color": "ffffffff" }
				],
				"attachment": [
					{ "time": 0, "name": "btn_tutorial" },
					{ "time": 2.3333, "name": "btn_tutorial" }
				]
			},
			"cha_arm_1": {
				"color": [
					{ "time": 0, "color": "ffffffff", "curve": "stepped" },
					{ "time": 2.3333, "color": "ffffffff" }
				],
				"attachment": [
					{ "time": 0, "name": "cha_arm_1" },
					{ "time": 2.3333, "name": "cha_arm_1" }
				]
			},
			"cha_arm_2": {
				"color": [
					{ "time": 0, "color": "ffffffff", "curve": "stepped" },
					{ "time": 2.3333, "color": "ffffffff" }
				],
				"attachment": [
					{ "time": 0, "name": "cha_arm_2" },
					{ "time": 2.3333, "name": "cha_arm_2" }
				]
			},
			"cha_body": {
				"color": [
					{ "time": 0, "color": "ffffffff", "curve": "stepped" },
					{ "time": 2.3333, "color": "ffffffff" }
				],
				"attachment": [
					{ "time": 0, "name": "cha_body" },
					{ "time": 2.3333, "name": "cha_body" }
				]
			},
			"cha_eye_1": {
				"color": [
					{ "time": 0, "color": "ffffffff", "curve": "stepped" },
					{ "time": 2.3333, "color": "ffffffff" }
				],
				"attachment": [
					{ "time": 0, "name": "cha_eye" },
					{ "time": 2.3333, "name": "cha_eye" }
				]
			},
			"cha_eye_2": {
				"color": [
					{ "time": 0, "color": "ffffffff", "curve": "stepped" },
					{ "time": 2.3333, "color": "ffffffff" }
				],
				"attachment": [
					{ "time": 0, "name": "cha_eye" },
					{ "time": 2.3333, "name": "cha_eye" }
				]
			},
			"cha_head": {
				"color": [
					{ "time": 0, "color": "ffffffff", "curve": "stepped" },
					{ "time": 2.3333, "color": "ffffffff" }
				],
				"attachment": [
					{ "time": 0, "name": "cha_head" },
					{ "time": 2.3333, "name": "cha_head" }
				]
			},
			"text_banner_color": {
				"color": [
					{ "time": 0, "color": "ffffffff", "curve": "stepped" },
					{ "time": 2.3333, "color": "ffffffff" }
				],
				"attachment": [
					{ "time": 0, "name": "text_banner_color" },
					{ "time": 2.3333, "name": "text_banner_color" }
				]
			},
			"text_star_count": {
				"color": [
					{ "time": 0, "color": "ffffffff", "curve": "stepped" },
					{ "time": 2.3333, "color": "ffffffff" }
				],
				"attachment": [
					{ "time": 0, "name": "text_star_count" },
					{ "time": 2.3333, "name": "text_star_count" }
				]
			},
			"title_1": {
				"color": [
					{ "time": 0, "color": "ffffffff", "curve": "stepped" },
					{ "time": 2.3333, "color": "ffffffff" }
				],
				"attachment": [
					{ "time": 0, "name": "title_1" },
					{ "time": 2.3333, "name": "title_1" }
				]
			},
			"title_2": {
				"color": [
					{ "time": 0, "color": "ffffffff", "curve": "stepped" },
					{ "time": 2.3333, "color": "ffffffff" }
				],
				"attachment": [
					{ "time": 0, "name": "title_2" },
					{ "time": 2.3333, "name": "title_2" }
				]
			},
			"title_3": {
				"color": [
					{ "time": 0, "color": "ffffffff", "curve": "stepped" },
					{ "time": 2.3333, "color": "ffffffff" }
				],
				"attachment": [
					{ "time": 0, "name": "title_3" },
					{ "time": 2.3333, "name": "title_3" }
				]
			},
			"title_4": {
				"color": [
					{ "time": 0, "color": "ffffffff", "curve": "stepped" },
					{ "time": 2.3333, "color": "ffffffff" }
				],
				"attachment": [
					{ "time": 0, "name": "title_4" },
					{ "time": 2.3333, "name": "title_4" }
				]
			},
			"title_5": {
				"color": [
					{ "time": 0, "color": "ffffffff", "curve": "stepped" },
					{ "time": 2.3333, "color": "ffffffff" }
				],
				"attachment": [
					{ "time": 0, "name": "title_5" },
					{ "time": 2.3333, "name": "title_5" }
				]
			},
			"title_6": {
				"color": [
					{ "time": 0, "color": "ffffffff", "curve": "stepped" },
					{ "time": 2.3333, "color": "ffffffff" }
				],
				"attachment": [
					{ "time": 0, "name": "title_6" },
					{ "time": 2.3333, "name": "title_6" }
				]
			},
			"title_7": {
				"color": [
					{ "time": 0, "color": "ffffffff", "curve": "stepped" },
					{ "time": 2.3333, "color": "ffffffff" }
				],
				"attachment": [
					{ "time": 0, "name": "title_7" },
					{ "time": 2.3333, "name": "title_7" }
				]
			},
			"title_add": {
				"color": [
					{ "time": 0, "color": "ffffffff", "curve": "stepped" },
					{ "time": 2.3333, "color": "ffffffff" }
				],
				"attachment": [
					{ "time": 0, "name": "title_add" },
					{ "time": 2.3333, "name": "title_add" }
				]
			},
			"under_ui": {
				"color": [
					{ "time": 0, "color": "ffffffff", "curve": "stepped" },
					{ "time": 2.3333, "color": "ffffffff" }
				],
				"attachment": [
					{ "time": 0, "name": "under_ui" },
					{ "time": 2.3333, "name": "under_ui" }
				]
			}
		},
		"bones": {
			"title_slot_1": {
				"rotate": [
					{ "time": 0, "angle": 0, "curve": "stepped" },
					{ "time": 2.3333, "angle": 0 }
				],
				"translate": [
					{ "time": 0, "x": 0, "y": 0, "curve": "stepped" },
					{ "time": 2.3333, "x": 0, "y": 0 }
				],
				"scale": [
					{ "time": 0, "x": 1, "y": 1, "curve": "stepped" },
					{ "time": 2.3333, "x": 1, "y": 1 }
				]
			},
			"cha_head": {
				"rotate": [
					{ "time": 0, "angle": 2.25 },
					{ "time": 0.5, "angle": 3.75 },
					{ "time": 1.3333, "angle": 2.25, "curve": "stepped" },
					{ "time": 2.3333, "angle": 2.25 }
				],
				"translate": [
					{ "time": 0, "x": -0.92, "y": -10.91 },
					{ "time": 0.5, "x": -1.53, "y": -18.18, "curve": "stepped" },
					{ "time": 1, "x": -1.53, "y": -18.18 },
					{ "time": 1.3333, "x": -0.92, "y": -10.91, "curve": "stepped" },
					{ "time": 2.3333, "x": -0.92, "y": -10.91 }
				],
				"scale": [
					{ "time": 0, "x": 1, "y": 1, "curve": "stepped" },
					{ "time": 2.3333, "x": 1, "y": 1 }
				]
			},
			"bird_1": {
				"rotate": [
					{ "time": 0, "angle": 0, "curve": "stepped" },
					{ "time": 2.3333, "angle": 0 }
				],
				"translate": [
					{ "time": 0, "x": -1022.7, "y": 506.79, "curve": "stepped" },
					{ "time": 2.3333, "x": -1022.7, "y": 506.79 }
				],
				"scale": [
					{ "time": 0, "x": 1, "y": 1, "curve": "stepped" },
					{ "time": 2.3333, "x": 1, "y": 1 }
				]
			},
			"character": {
				"rotate": [
					{ "time": 0, "angle": 0, "curve": "stepped" },
					{ "time": 2.3333, "angle": 0 }
				],
				"translate": [
					{ "time": 0, "x": 0, "y": 0, "curve": "stepped" },
					{ "time": 2.3333, "x": 0, "y": 0 }
				],
				"scale": [
					{ "time": 0, "x": 1, "y": 1.001 },
					{ "time": 0.5, "x": 1, "y": 1.013 },
					{ "time": 1.1667, "x": 1, "y": 1 },
					{ "time": 1.6667, "x": 1, "y": 1.013 },
					{ "time": 2.3333, "x": 1, "y": 1.001 }
				]
			},
			"under_ui": {
				"rotate": [
					{ "time": 0, "angle": 0, "curve": "stepped" },
					{ "time": 2.3333, "angle": 0 }
				],
				"translate": [
					{ "time": 0, "x": 0, "y": 0, "curve": "stepped" },
					{ "time": 2.3333, "x": 0, "y": 0 }
				],
				"scale": [
					{ "time": 0, "x": 1, "y": 1, "curve": "stepped" },
					{ "time": 2.3333, "x": 1, "y": 1 }
				]
			},
			"text_star_count": {
				"rotate": [
					{ "time": 0, "angle": 0, "curve": "stepped" },
					{ "time": 2.3333, "angle": 0 }
				],
				"translate": [
					{ "time": 0, "x": 0, "y": 0, "curve": "stepped" },
					{ "time": 2.3333, "x": 0, "y": 0 }
				],
				"scale": [
					{ "time": 0, "x": 1, "y": 1, "curve": "stepped" },
					{ "time": 2.3333, "x": 1, "y": 1 }
				]
			},
			"cha_arm_1": {
				"rotate": [
					{ "time": 0, "angle": 1.26 },
					{ "time": 0.3333, "angle": -12.14 },
					{ "time": 0.8333, "angle": 12.61 },
					{ "time": 1.1667, "angle": 0 },
					{ "time": 1.5, "angle": -12.14 },
					{ "time": 2, "angle": 12.61 },
					{ "time": 2.3333, "angle": 1.26 }
				],
				"translate": [
					{ "time": 0, "x": 0.92, "y": 0.4 },
					{ "time": 0.3333, "x": 0, "y": 0 },
					{ "time": 0.8333, "x": 9.23, "y": 3.96 },
					{ "time": 1.1667, "x": 0, "y": 0, "curve": "stepped" },
					{ "time": 1.5, "x": 0, "y": 0 },
					{ "time": 2, "x": 9.23, "y": 3.96 },
					{ "time": 2.3333, "x": 0.92, "y": 0.4 }
				],
				"scale": [
					{ "time": 0, "x": 1, "y": 1, "curve": "stepped" },
					{ "time": 2.3333, "x": 1, "y": 1 }
				]
			},
			"back_eff": {
				"rotate": [
					{ "time": 0, "angle": 0, "curve": "stepped" },
					{ "time": 2.3333, "angle": 0 }
				],
				"translate": [
					{ "time": 0, "x": 0, "y": 0, "curve": "stepped" },
					{ "time": 2.3333, "x": 0, "y": 0 }
				],
				"scale": [
					{ "time": 0, "x": 1.003, "y": 1.003, "curve": "stepped" },
					{ "time": 2.3333, "x": 1.003, "y": 1.003 }
				]
			},
			"banner": {
				"rotate": [
					{ "time": 0, "angle": 0, "curve": "stepped" },
					{ "time": 2.3333, "angle": 0 }
				],
				"translate": [
					{ "time": 0, "x": 0, "y": 0, "curve": "stepped" },
					{ "time": 2.3333, "x": 0, "y": 0 }
				],
				"scale": [
					{ "time": 0, "x": 1, "y": 1, "curve": "stepped" },
					{ "time": 2.3333, "x": 1, "y": 1 }
				]
			},
			"title_slot_4": {
				"rotate": [
					{ "time": 0, "angle": 0, "curve": "stepped" },
					{ "time": 2.3333, "angle": 0 }
				],
				"translate": [
					{ "time": 0, "x": 0, "y": 0, "curve": "stepped" },
					{ "time": 2.3333, "x": 0, "y": 0 }
				],
				"scale": [
					{ "time": 0, "x": 1, "y": 1, "curve": "stepped" },
					{ "time": 2.3333, "x": 1, "y": 1 }
				]
			},
			"cha_arm_2": {
				"rotate": [
					{ "time": 0, "angle": -0.47 },
					{ "time": 0.3333, "angle": 6.52 },
					{ "time": 0.8333, "angle": -4.69 },
					{ "time": 1.1667, "angle": 0 },
					{ "time": 1.5, "angle": 6.52 },
					{ "time": 2, "angle": -4.69 },
					{ "time": 2.3333, "angle": -0.47 }
				],
				"translate": [
					{ "time": 0, "x": 0, "y": 0, "curve": "stepped" },
					{ "time": 2.3333, "x": 0, "y": 0 }
				],
				"scale": [
					{ "time": 0, "x": 1, "y": 1, "curve": "stepped" },
					{ "time": 2.3333, "x": 1, "y": 1 }
				]
			},
			"root": {
				"rotate": [
					{ "time": 0, "angle": 0, "curve": "stepped" },
					{ "time": 2.3333, "angle": 0 }
				],
				"translate": [
					{ "time": 0, "x": 0, "y": 0, "curve": "stepped" },
					{ "time": 2.3333, "x": 0, "y": 0 }
				],
				"scale": [
					{ "time": 0, "x": 1, "y": 1, "curve": "stepped" },
					{ "time": 2.3333, "x": 1, "y": 1 }
				]
			},
			"title_slot_6": {
				"rotate": [
					{ "time": 0, "angle": 0, "curve": "stepped" },
					{ "time": 2.3333, "angle": 0 }
				],
				"translate": [
					{ "time": 0, "x": 0, "y": 0, "curve": "stepped" },
					{ "time": 2.3333, "x": 0, "y": 0 }
				],
				"scale": [
					{ "time": 0, "x": 1, "y": 1, "curve": "stepped" },
					{ "time": 2.3333, "x": 1, "y": 1 }
				]
			},
			"title_slot_5": {
				"rotate": [
					{ "time": 0, "angle": 0, "curve": "stepped" },
					{ "time": 2.3333, "angle": 0 }
				],
				"translate": [
					{ "time": 0, "x": 0, "y": 0, "curve": "stepped" },
					{ "time": 2.3333, "x": 0, "y": 0 }
				],
				"scale": [
					{ "time": 0, "x": 1, "y": 1, "curve": "stepped" },
					{ "time": 2.3333, "x": 1, "y": 1 }
				]
			},
			"cha_eye_2": {
				"rotate": [
					{ "time": 0, "angle": 0, "curve": "stepped" },
					{ "time": 2.3333, "angle": 0 }
				],
				"translate": [
					{ "time": 0, "x": 4.59, "y": 1.81 },
					{ "time": 0.5, "x": 7.65, "y": 3.02, "curve": "stepped" },
					{ "time": 1, "x": 7.65, "y": 3.02 },
					{ "time": 1.3333, "x": 4.59, "y": 1.81, "curve": "stepped" },
					{ "time": 2.3333, "x": 4.59, "y": 1.81 }
				],
				"scale": [
					{ "time": 0, "x": 1, "y": 1, "curve": "stepped" },
					{ "time": 2.3333, "x": 1, "y": 1 }
				]
			},
			"cha_eye_1": {
				"rotate": [
					{ "time": 0, "angle": 0, "curve": "stepped" },
					{ "time": 2.3333, "angle": 0 }
				],
				"translate": [
					{ "time": 0, "x": 7.34, "y": -0.71 },
					{ "time": 0.5, "x": 12.24, "y": -1.18, "curve": "stepped" },
					{ "time": 1, "x": 12.24, "y": -1.18 },
					{ "time": 1.3333, "x": 7.34, "y": -0.71, "curve": "stepped" },
					{ "time": 2.3333, "x": 7.34, "y": -0.71 }
				],
				"scale": [
					{ "time": 0, "x": 1, "y": 1, "curve": "stepped" },
					{ "time": 2.3333, "x": 1, "y": 1 }
				]
			},
			"title": {
				"rotate": [
					{ "time": 0, "angle": 0, "curve": "stepped" },
					{ "time": 2.3333, "angle": 0 }
				],
				"translate": [
					{ "time": 0, "x": 0, "y": 0, "curve": "stepped" },
					{ "time": 2.3333, "x": 0, "y": 0 }
				],
				"scale": [
					{ "time": 0, "x": 1, "y": 1, "curve": "stepped" },
					{ "time": 2.3333, "x": 1, "y": 1 }
				]
			},
			"text_banner_color": {
				"rotate": [
					{ "time": 0, "angle": 0, "curve": "stepped" },
					{ "time": 2.3333, "angle": 0 }
				],
				"translate": [
					{ "time": 0, "x": 0, "y": 0, "curve": "stepped" },
					{ "time": 2.3333, "x": 0, "y": 0 }
				],
				"scale": [
					{ "time": 0, "x": 1, "y": 1, "curve": "stepped" },
					{ "time": 2.3333, "x": 1, "y": 1 }
				]
			},
			"btn_tutorial": {
				"rotate": [
					{ "time": 0, "angle": 0, "curve": "stepped" },
					{ "time": 2.3333, "angle": 0 }
				],
				"translate": [
					{ "time": 0, "x": -1.98, "y": -1.98 },
					{ "time": 2.3333, "x": 0, "y": 0 }
				],
				"scale": [
					{ "time": 0, "x": 1, "y": 1, "curve": "stepped" },
					{ "time": 2.3333, "x": 1, "y": 1 }
				]
			},
			"btn_sound": {
				"rotate": [
					{ "time": 0, "angle": 0, "curve": "stepped" },
					{ "time": 2.3333, "angle": 0 }
				],
				"translate": [
					{ "time": 0, "x": 0, "y": 0, "curve": "stepped" },
					{ "time": 2.3333, "x": 0, "y": 0 }
				],
				"scale": [
					{ "time": 0, "x": 1, "y": 1, "curve": "stepped" },
					{ "time": 2.3333, "x": 1, "y": 1 }
				]
			},
			"title_slot_3": {
				"rotate": [
					{ "time": 0, "angle": 0, "curve": "stepped" },
					{ "time": 2.3333, "angle": 0 }
				],
				"translate": [
					{ "time": 0, "x": 0, "y": 0, "curve": "stepped" },
					{ "time": 2.3333, "x": 0, "y": 0 }
				],
				"scale": [
					{ "time": 0, "x": 1, "y": 1, "curve": "stepped" },
					{ "time": 2.3333, "x": 1, "y": 1 }
				]
			},
			"btn_start": {
				"rotate": [
					{ "time": 0, "angle": 0, "curve": "stepped" },
					{ "time": 2.3333, "angle": 0 }
				],
				"translate": [
					{ "time": 0, "x": 0, "y": 0 },
					{ "time": 0.6, "x": -5.94, "y": 0 },
					{ "time": 1.1667, "x": 0, "y": 0 },
					{ "time": 1.7333, "x": -5.94, "y": 0 },
					{ "time": 2.3333, "x": 0, "y": 0 }
				],
				"scale": [
					{ "time": 0, "x": 1, "y": 1 },
					{ "time": 0.6, "x": 1.05, "y": 1.05 },
					{ "time": 1.1667, "x": 1, "y": 1 },
					{ "time": 1.7333, "x": 1.05, "y": 1.05 },
					{ "time": 2.3333, "x": 1, "y": 1 }
				]
			},
			"title_slot_2": {
				"rotate": [
					{ "time": 0, "angle": 0, "curve": "stepped" },
					{ "time": 2.3333, "angle": 0 }
				],
				"translate": [
					{ "time": 0, "x": 0, "y": 0, "curve": "stepped" },
					{ "time": 2.3333, "x": 0, "y": 0 }
				],
				"scale": [
					{ "time": 0, "x": 1, "y": 1, "curve": "stepped" },
					{ "time": 2.3333, "x": 1, "y": 1 }
				]
			},
			"title_7": {
				"rotate": [
					{ "time": 0, "angle": 0, "curve": "stepped" },
					{ "time": 2.3333, "angle": 0 }
				],
				"translate": [
					{ "time": 0, "x": 0, "y": 0, "curve": "stepped" },
					{ "time": 2.3333, "x": 0, "y": 0 }
				],
				"scale": [
					{ "time": 0, "x": 1, "y": 1, "curve": "stepped" },
					{ "time": 2.3333, "x": 1, "y": 1 }
				]
			}
		}
	},
	"title_in": {
		"slots": {
			"back": {
				"color": [
					{ "time": 0, "color": "ffffffff", "curve": "stepped" },
					{ "time": 3.4667, "color": "ffffffff" }
				],
				"attachment": [
					{ "time": 0, "name": "back" },
					{ "time": 3.4667, "name": "back" }
				]
			},
			"back_eff": {
				"color": [
					{ "time": 0, "color": "ffffffff", "curve": "stepped" },
					{ "time": 3.4667, "color": "ffffffff" }
				],
				"attachment": [
					{ "time": 0, "name": "back_eff" },
					{ "time": 3.4667, "name": "back_eff" }
				]
			},
			"banner": {
				"color": [
					{ "time": 0, "color": "ffffff00", "curve": "stepped" },
					{ "time": 3.2667, "color": "ffffff00" },
					{ "time": 3.3667, "color": "ffffffff", "curve": "stepped" },
					{ "time": 3.4667, "color": "ffffffff" }
				],
				"attachment": [
					{ "time": 0, "name": "banner" },
					{ "time": 3.4667, "name": "banner" }
				]
			},
			"bird_1": {
				"color": [
					{ "time": 0, "color": "ffffff00" },
					{ "time": 0.1667, "color": "ffffffff", "curve": "stepped" },
					{ "time": 3.3333, "color": "ffffffff" },
					{ "time": 3.4667, "color": "ffffff00" }
				],
				"attachment": [
					{ "time": 0, "name": "bird_1" },
					{ "time": 0.1667, "name": "bird_2" },
					{ "time": 0.3333, "name": "bird_1" },
					{ "time": 0.5, "name": "bird_2" },
					{ "time": 0.6667, "name": "bird_1" },
					{ "time": 0.8333, "name": "bird_2" },
					{ "time": 1, "name": "bird_1" },
					{ "time": 1.1667, "name": "bird_2" },
					{ "time": 1.3333, "name": "bird_1" },
					{ "time": 1.5, "name": "bird_2" },
					{ "time": 1.6667, "name": "bird_1" },
					{ "time": 1.8333, "name": "bird_2" },
					{ "time": 2, "name": "bird_1" },
					{ "time": 2.1667, "name": "bird_2" },
					{ "time": 2.3333, "name": "bird_1" },
					{ "time": 2.5, "name": "bird_2" },
					{ "time": 2.6667, "name": "bird_1" },
					{ "time": 2.8333, "name": "bird_2" },
					{ "time": 3, "name": "bird_1" },
					{ "time": 3.1667, "name": "bird_2" },
					{ "time": 3.3333, "name": "bird_1" },
					{ "time": 3.4667, "name": "bird_2" }
				]
			},
			"bird_2": {
				"color": [
					{ "time": 0, "color": "adadad00" },
					{ "time": 0.1667, "color": "adadadff", "curve": "stepped" },
					{ "time": 3.3333, "color": "adadadff" },
					{ "time": 3.4667, "color": "adadad00" }
				],
				"attachment": [
					{ "time": 0, "name": "bird_2" },
					{ "time": 0.1667, "name": "bird_1" },
					{ "time": 0.3333, "name": "bird_2" },
					{ "time": 0.5, "name": "bird_1" },
					{ "time": 0.6667, "name": "bird_2" },
					{ "time": 0.8333, "name": "bird_1" },
					{ "time": 1, "name": "bird_2" },
					{ "time": 1.1667, "name": "bird_1" },
					{ "time": 1.3333, "name": "bird_2" },
					{ "time": 1.5, "name": "bird_1" },
					{ "time": 1.6667, "name": "bird_2" },
					{ "time": 1.8333, "name": "bird_1" },
					{ "time": 2, "name": "bird_2" },
					{ "time": 2.1667, "name": "bird_1" },
					{ "time": 2.3333, "name": "bird_2" },
					{ "time": 2.5, "name": "bird_1" },
					{ "time": 2.6667, "name": "bird_2" },
					{ "time": 2.8333, "name": "bird_1" },
					{ "time": 3, "name": "bird_2" },
					{ "time": 3.1667, "name": "bird_1" },
					{ "time": 3.3333, "name": "bird_2" },
					{ "time": 3.4667, "name": "bird_1" }
				]
			},
			"bird_3": {
				"color": [
					{ "time": 0, "color": "ffffff00" },
					{ "time": 0.1667, "color": "ffffffff", "curve": "stepped" },
					{ "time": 3.3333, "color": "ffffffff" },
					{ "time": 3.4667, "color": "ffffff00" }
				],
				"attachment": [
					{ "time": 0, "name": "bird_1" },
					{ "time": 0.1667, "name": "bird_2" },
					{ "time": 0.3333, "name": "bird_1" },
					{ "time": 0.5, "name": "bird_2" },
					{ "time": 0.6667, "name": "bird_1" },
					{ "time": 0.8333, "name": "bird_2" },
					{ "time": 1, "name": "bird_1" },
					{ "time": 1.1667, "name": "bird_2" },
					{ "time": 1.3333, "name": "bird_1" },
					{ "time": 1.5, "name": "bird_2" },
					{ "time": 1.6667, "name": "bird_1" },
					{ "time": 1.8333, "name": "bird_2" },
					{ "time": 2, "name": "bird_1" },
					{ "time": 2.1667, "name": "bird_2" },
					{ "time": 2.3333, "name": "bird_1" },
					{ "time": 2.5, "name": "bird_2" },
					{ "time": 2.6667, "name": "bird_1" },
					{ "time": 2.8333, "name": "bird_2" },
					{ "time": 3, "name": "bird_1" },
					{ "time": 3.1667, "name": "bird_2" },
					{ "time": 3.3333, "name": "bird_1" },
					{ "time": 3.4667, "name": "bird_2" }
				]
			},
			"btn_sound": {
				"color": [
					{ "time": 0, "color": "ffffff00", "curve": "stepped" },
					{ "time": 3.2667, "color": "ffffff00" },
					{ "time": 3.3667, "color": "ffffffff", "curve": "stepped" },
					{ "time": 3.4667, "color": "ffffffff" }
				],
				"attachment": [
					{ "time": 0, "name": "btn_sound_on" },
					{ "time": 3.4667, "name": "btn_sound_on" }
				]
			},
			"btn_start": {
				"color": [
					{ "time": 0, "color": "ffffff00", "curve": "stepped" },
					{ "time": 2.9667, "color": "ffffff00" },
					{ "time": 3.0667, "color": "ffffffff", "curve": "stepped" },
					{ "time": 3.4667, "color": "ffffffff" }
				],
				"attachment": [
					{ "time": 0, "name": "btn_start" },
					{ "time": 3.4667, "name": "btn_start" }
				]
			},
			"btn_tutorial": {
				"color": [
					{ "time": 0, "color": "ffffff00", "curve": "stepped" },
					{ "time": 3.2667, "color": "ffffff00" },
					{ "time": 3.3667, "color": "ffffffff", "curve": "stepped" },
					{ "time": 3.4667, "color": "ffffffff" }
				],
				"attachment": [
					{ "time": 0, "name": "btn_tutorial" },
					{ "time": 3.4667, "name": "btn_tutorial" }
				]
			},
			"cha_arm_1": {
				"color": [
					{ "time": 0, "color": "ffffffff", "curve": "stepped" },
					{ "time": 3.4667, "color": "ffffffff" }
				],
				"attachment": [
					{ "time": 0, "name": "cha_arm_1" },
					{ "time": 3.4667, "name": "cha_arm_1" }
				]
			},
			"cha_arm_2": {
				"color": [
					{ "time": 0, "color": "ffffffff", "curve": "stepped" },
					{ "time": 3.4667, "color": "ffffffff" }
				],
				"attachment": [
					{ "time": 0, "name": "cha_arm_2" },
					{ "time": 3.4667, "name": "cha_arm_2" }
				]
			},
			"cha_body": {
				"color": [
					{ "time": 0, "color": "ffffffff", "curve": "stepped" },
					{ "time": 3.4667, "color": "ffffffff" }
				],
				"attachment": [
					{ "time": 0, "name": "cha_body" },
					{ "time": 3.4667, "name": "cha_body" }
				]
			},
			"cha_eye_1": {
				"color": [
					{ "time": 0, "color": "ffffffff", "curve": "stepped" },
					{ "time": 3.4667, "color": "ffffffff" }
				],
				"attachment": [
					{ "time": 0, "name": "cha_eye" },
					{ "time": 3.4667, "name": "cha_eye" }
				]
			},
			"cha_eye_2": {
				"color": [
					{ "time": 0, "color": "ffffffff", "curve": "stepped" },
					{ "time": 3.4667, "color": "ffffffff" }
				],
				"attachment": [
					{ "time": 0, "name": "cha_eye" },
					{ "time": 3.4667, "name": "cha_eye" }
				]
			},
			"cha_head": {
				"color": [
					{ "time": 0, "color": "ffffffff", "curve": "stepped" },
					{ "time": 3.4667, "color": "ffffffff" }
				],
				"attachment": [
					{ "time": 0, "name": "cha_head" },
					{ "time": 3.4667, "name": "cha_head" }
				]
			},
			"text_banner_color": {
				"color": [
					{ "time": 0, "color": "ffffff00", "curve": "stepped" },
					{ "time": 3.2667, "color": "ffffff00" },
					{ "time": 3.3667, "color": "ffffffff", "curve": "stepped" },
					{ "time": 3.4667, "color": "ffffffff" }
				],
				"attachment": [
					{ "time": 0, "name": "text_banner_color" },
					{ "time": 3.4667, "name": "text_banner_color" }
				]
			},
			"text_star_count": {
				"color": [
					{ "time": 0, "color": "ffffff00", "curve": "stepped" },
					{ "time": 3.2667, "color": "ffffff00" },
					{ "time": 3.3667, "color": "ffffffff", "curve": "stepped" },
					{ "time": 3.4667, "color": "ffffffff" }
				],
				"attachment": [
					{ "time": 0, "name": "text_star_count" },
					{ "time": 3.4667, "name": "text_star_count" }
				]
			},
			"title_1": {
				"color": [
					{ "time": 0, "color": "ffffff00", "curve": "stepped" },
					{ "time": 2, "color": "ffffff00" },
					{ "time": 2.0333, "color": "ffffffff", "curve": "stepped" },
					{ "time": 3.4667, "color": "ffffffff" }
				],
				"attachment": [
					{ "time": 0, "name": "title_1" },
					{ "time": 2, "name": "title_1" },
					{ "time": 3.4667, "name": "title_1" }
				]
			},
			"title_2": {
				"color": [
					{ "time": 0, "color": "ffffff00", "curve": "stepped" },
					{ "time": 2.0667, "color": "ffffff00" },
					{ "time": 2.1, "color": "ffffffff", "curve": "stepped" },
					{ "time": 3.4667, "color": "ffffffff" }
				],
				"attachment": [
					{ "time": 0, "name": "title_2" },
					{ "time": 2.0667, "name": "title_2" },
					{ "time": 3.4667, "name": "title_2" }
				]
			},
			"title_3": {
				"color": [
					{ "time": 0, "color": "ffffff00", "curve": "stepped" },
					{ "time": 2.1333, "color": "ffffff00" },
					{ "time": 2.1667, "color": "ffffffff", "curve": "stepped" },
					{ "time": 3.4667, "color": "ffffffff" }
				],
				"attachment": [
					{ "time": 0, "name": "title_3" },
					{ "time": 2.1333, "name": "title_3" },
					{ "time": 3.4667, "name": "title_3" }
				]
			},
			"title_4": {
				"color": [
					{ "time": 0, "color": "ffffff00", "curve": "stepped" },
					{ "time": 2.2, "color": "ffffff00" },
					{ "time": 2.2333, "color": "ffffffff", "curve": "stepped" },
					{ "time": 3.4667, "color": "ffffffff" }
				],
				"attachment": [
					{ "time": 0, "name": "title_4" },
					{ "time": 2.2, "name": "title_4" },
					{ "time": 3.4667, "name": "title_4" }
				]
			},
			"title_5": {
				"color": [
					{ "time": 0, "color": "ffffff00", "curve": "stepped" },
					{ "time": 2.2667, "color": "ffffff00" },
					{ "time": 2.3, "color": "ffffffff", "curve": "stepped" },
					{ "time": 3.4667, "color": "ffffffff" }
				],
				"attachment": [
					{ "time": 0, "name": "title_5" },
					{ "time": 2.2667, "name": "title_5" },
					{ "time": 3.4667, "name": "title_5" }
				]
			},
			"title_6": {
				"color": [
					{ "time": 0, "color": "ffffff00", "curve": "stepped" },
					{ "time": 2.3333, "color": "ffffff00" },
					{ "time": 2.3667, "color": "ffffffff", "curve": "stepped" },
					{ "time": 3.4667, "color": "ffffffff" }
				],
				"attachment": [
					{ "time": 0, "name": "title_6" },
					{ "time": 2.3333, "name": "title_6" },
					{ "time": 3.4667, "name": "title_6" }
				]
			},
			"title_7": {
				"color": [
					{ "time": 0, "color": "ffffff00", "curve": "stepped" },
					{ "time": 2.9333, "color": "ffffff00" },
					{ "time": 3.0333, "color": "ffffffff", "curve": "stepped" },
					{ "time": 3.4667, "color": "ffffffff" }
				],
				"attachment": [
					{ "time": 0, "name": "title_7" },
					{ "time": 3.4667, "name": "title_7" }
				]
			},
			"title_add": {
				"color": [
					{ "time": 0, "color": "ffffff00", "curve": "stepped" },
					{ "time": 1.6333, "color": "ffffff00" },
					{ "time": 1.8, "color": "ffffffff", "curve": "stepped" },
					{ "time": 3.4667, "color": "ffffffff" }
				],
				"attachment": [
					{ "time": 0, "name": "title_add" },
					{ "time": 3.4667, "name": "title_add" }
				]
			},
			"under_ui": {
				"color": [
					{ "time": 0, "color": "ffffff00", "curve": "stepped" },
					{ "time": 3.2667, "color": "ffffff00" },
					{ "time": 3.3667, "color": "ffffffff", "curve": "stepped" },
					{ "time": 3.4667, "color": "ffffffff" }
				],
				"attachment": [
					{ "time": 0, "name": "under_ui" },
					{ "time": 3.4667, "name": "under_ui" }
				]
			}
		},
		"bones": {
			"root": {
				"rotate": [
					{ "time": 0, "angle": 0, "curve": "stepped" },
					{ "time": 3.4667, "angle": 0 }
				],
				"translate": [
					{ "time": 0, "x": 0, "y": 0, "curve": "stepped" },
					{ "time": 3.4667, "x": 0, "y": 0 }
				],
				"scale": [
					{ "time": 0, "x": 1, "y": 1, "curve": "stepped" },
					{ "time": 3.4667, "x": 1, "y": 1 }
				]
			},
			"title_slot_6": {
				"rotate": [
					{ "time": 0, "angle": 0, "curve": "stepped" },
					{ "time": 3.4667, "angle": 0 }
				],
				"translate": [
					{ "time": 0, "x": 0, "y": 0, "curve": "stepped" },
					{ "time": 3.4667, "x": 0, "y": 0 }
				],
				"scale": [
					{ "time": 0, "x": 0.05, "y": 1, "curve": "stepped" },
					{ "time": 2.3333, "x": 0.05, "y": 1 },
					{ "time": 2.4667, "x": 1, "y": 1 },
					{ "time": 2.6, "x": 0.05, "y": 1 },
					{ "time": 2.7333, "x": 1, "y": 1, "curve": "stepped" },
					{ "time": 3.4667, "x": 1, "y": 1 }
				]
			},
			"title_slot_5": {
				"rotate": [
					{ "time": 0, "angle": 0, "curve": "stepped" },
					{ "time": 3.4667, "angle": 0 }
				],
				"translate": [
					{ "time": 0, "x": 0, "y": 0, "curve": "stepped" },
					{ "time": 3.4667, "x": 0, "y": 0 }
				],
				"scale": [
					{ "time": 0, "x": 0.05, "y": 1, "curve": "stepped" },
					{ "time": 2.2667, "x": 0.05, "y": 1 },
					{ "time": 2.4, "x": 1, "y": 1 },
					{ "time": 2.5333, "x": 0.05, "y": 1 },
					{ "time": 2.6667, "x": 1, "y": 1, "curve": "stepped" },
					{ "time": 3.4667, "x": 1, "y": 1 }
				]
			},
			"title_slot_4": {
				"rotate": [
					{ "time": 0, "angle": 0, "curve": "stepped" },
					{ "time": 3.4667, "angle": 0 }
				],
				"translate": [
					{ "time": 0, "x": 0, "y": 0, "curve": "stepped" },
					{ "time": 3.4667, "x": 0, "y": 0 }
				],
				"scale": [
					{ "time": 0, "x": 0.05, "y": 1, "curve": "stepped" },
					{ "time": 2.2, "x": 0.05, "y": 1 },
					{ "time": 2.3333, "x": 1, "y": 1 },
					{ "time": 2.4667, "x": 0.05, "y": 1 },
					{ "time": 2.6, "x": 1, "y": 1, "curve": "stepped" },
					{ "time": 3.4667, "x": 1, "y": 1 }
				]
			},
			"title_slot_3": {
				"rotate": [
					{ "time": 0, "angle": 0, "curve": "stepped" },
					{ "time": 3.4667, "angle": 0 }
				],
				"translate": [
					{ "time": 0, "x": 0, "y": 0, "curve": "stepped" },
					{ "time": 3.4667, "x": 0, "y": 0 }
				],
				"scale": [
					{ "time": 0, "x": 0.05, "y": 1, "curve": "stepped" },
					{ "time": 2.1333, "x": 0.05, "y": 1 },
					{ "time": 2.2667, "x": 1, "y": 1 },
					{ "time": 2.4, "x": 0.05, "y": 1 },
					{ "time": 2.5333, "x": 1, "y": 1, "curve": "stepped" },
					{ "time": 3.4667, "x": 1, "y": 1 }
				]
			},
			"title_slot_2": {
				"rotate": [
					{ "time": 0, "angle": 0, "curve": "stepped" },
					{ "time": 3.4667, "angle": 0 }
				],
				"translate": [
					{ "time": 0, "x": 0, "y": 0, "curve": "stepped" },
					{ "time": 3.4667, "x": 0, "y": 0 }
				],
				"scale": [
					{ "time": 0, "x": 0.05, "y": 1, "curve": "stepped" },
					{ "time": 2.0667, "x": 0.05, "y": 1 },
					{ "time": 2.2, "x": 1, "y": 1 },
					{ "time": 2.3333, "x": 0.05, "y": 1 },
					{ "time": 2.4667, "x": 1, "y": 1, "curve": "stepped" },
					{ "time": 3.4667, "x": 1, "y": 1 }
				]
			},
			"title_slot_1": {
				"rotate": [
					{ "time": 0, "angle": 0, "curve": "stepped" },
					{ "time": 3.4667, "angle": 0 }
				],
				"translate": [
					{ "time": 0, "x": 0, "y": 0, "curve": "stepped" },
					{ "time": 3.4667, "x": 0, "y": 0 }
				],
				"scale": [
					{ "time": 0, "x": 0.05, "y": 1, "curve": "stepped" },
					{ "time": 2, "x": 0.05, "y": 1 },
					{ "time": 2.1333, "x": 1, "y": 1 },
					{ "time": 2.2667, "x": 0.05, "y": 1 },
					{ "time": 2.4, "x": 1, "y": 1, "curve": "stepped" },
					{ "time": 3.4667, "x": 1, "y": 1 }
				]
			},
			"title": {
				"rotate": [
					{ "time": 0, "angle": 0, "curve": "stepped" },
					{ "time": 3.4667, "angle": 0 }
				],
				"translate": [
					{ "time": 0, "x": 0, "y": 0, "curve": "stepped" },
					{ "time": 3.4667, "x": 0, "y": 0 }
				],
				"scale": [
					{ "time": 0, "x": 1, "y": 1, "curve": "stepped" },
					{ "time": 1.6333, "x": 1, "y": 1 },
					{ "time": 1.7333, "x": 1.1, "y": 1.1 },
					{ "time": 1.8667, "x": 1, "y": 1, "curve": "stepped" },
					{ "time": 3.4667, "x": 1, "y": 1 }
				]
			},
			"cha_head": {
				"rotate": [
					{ "time": 0, "angle": 0 },
					{ "time": 0.5, "angle": 3.75, "curve": "stepped" },
					{ "time": 1, "angle": 3.75 },
					{ "time": 1.3333, "angle": 0, "curve": "stepped" },
					{ "time": 2.3333, "angle": 0 },
					{ "time": 2.8333, "angle": 3.75 },
					{ "time": 3.4667, "angle": 2.25 }
				],
				"translate": [
					{ "time": 0, "x": 0, "y": 0 },
					{ "time": 0.5, "x": -1.53, "y": -18.18, "curve": "stepped" },
					{ "time": 1, "x": -1.53, "y": -18.18 },
					{ "time": 1.3333, "x": 0, "y": 0, "curve": "stepped" },
					{ "time": 2.3333, "x": 0, "y": 0 },
					{ "time": 2.8333, "x": -1.53, "y": -18.18 },
					{ "time": 3.4667, "x": -0.92, "y": -10.91 }
				],
				"scale": [
					{ "time": 0, "x": 1, "y": 1, "curve": "stepped" },
					{ "time": 3.4667, "x": 1, "y": 1 }
				]
			},
			"cha_eye_2": {
				"rotate": [
					{ "time": 0, "angle": 0, "curve": "stepped" },
					{ "time": 3.4667, "angle": 0 }
				],
				"translate": [
					{ "time": 0, "x": 0, "y": 0 },
					{ "time": 0.5, "x": 7.65, "y": 3.02, "curve": "stepped" },
					{ "time": 1, "x": 7.65, "y": 3.02 },
					{ "time": 1.3333, "x": 0, "y": 0, "curve": "stepped" },
					{ "time": 2.3333, "x": 0, "y": 0 },
					{ "time": 2.8333, "x": 7.65, "y": 3.02 },
					{ "time": 3.4667, "x": 4.59, "y": 1.81 }
				],
				"scale": [
					{ "time": 0, "x": 1, "y": 1, "curve": "stepped" },
					{ "time": 3.4667, "x": 1, "y": 1 }
				]
			},
			"cha_eye_1": {
				"rotate": [
					{ "time": 0, "angle": 0, "curve": "stepped" },
					{ "time": 3.4667, "angle": 0 }
				],
				"translate": [
					{ "time": 0, "x": 0, "y": 0 },
					{ "time": 0.5, "x": 12.24, "y": -1.18, "curve": "stepped" },
					{ "time": 1, "x": 12.24, "y": -1.18 },
					{ "time": 1.3333, "x": 0, "y": 0, "curve": "stepped" },
					{ "time": 2.3333, "x": 0, "y": 0 },
					{ "time": 2.8333, "x": 12.24, "y": -1.18 },
					{ "time": 3.4667, "x": 7.34, "y": -0.71 }
				],
				"scale": [
					{ "time": 0, "x": 1, "y": 1, "curve": "stepped" },
					{ "time": 3.4667, "x": 1, "y": 1 }
				]
			},
			"cha_arm_2": {
				"rotate": [
					{ "time": 0, "angle": 0 },
					{ "time": 0.3333, "angle": 6.52 },
					{ "time": 0.8333, "angle": -4.69 },
					{ "time": 1.1667, "angle": 0 },
					{ "time": 1.5, "angle": 6.52 },
					{ "time": 2, "angle": -4.69 },
					{ "time": 2.3333, "angle": 0 },
					{ "time": 2.6667, "angle": 6.52 },
					{ "time": 3.1667, "angle": -4.69 },
					{ "time": 3.4667, "angle": -0.47 }
				],
				"translate": [
					{ "time": 0, "x": 0, "y": 0, "curve": "stepped" },
					{ "time": 3.4667, "x": 0, "y": 0 }
				],
				"scale": [
					{ "time": 0, "x": 1, "y": 1, "curve": "stepped" },
					{ "time": 3.4667, "x": 1, "y": 1 }
				]
			},
			"cha_arm_1": {
				"rotate": [
					{ "time": 0, "angle": 0 },
					{ "time": 0.3333, "angle": -12.14 },
					{ "time": 0.8333, "angle": 12.61 },
					{ "time": 1.1667, "angle": 0 },
					{ "time": 1.5, "angle": -12.14 },
					{ "time": 2, "angle": 12.61 },
					{ "time": 2.3333, "angle": 0 },
					{ "time": 2.6667, "angle": -12.14 },
					{ "time": 3.1667, "angle": 12.61 },
					{ "time": 3.4667, "angle": 1.26 }
				],
				"translate": [
					{ "time": 0, "x": 0, "y": 0, "curve": "stepped" },
					{ "time": 0.3333, "x": 0, "y": 0 },
					{ "time": 0.8333, "x": 9.23, "y": 3.96 },
					{ "time": 1.1667, "x": 0, "y": 0, "curve": "stepped" },
					{ "time": 1.5, "x": 0, "y": 0 },
					{ "time": 2, "x": 9.23, "y": 3.96 },
					{ "time": 2.3333, "x": 0, "y": 0, "curve": "stepped" },
					{ "time": 2.6667, "x": 0, "y": 0 },
					{ "time": 3.1667, "x": 9.23, "y": 3.96 },
					{ "time": 3.4667, "x": 0.92, "y": 0.4 }
				],
				"scale": [
					{ "time": 0, "x": 1, "y": 1, "curve": "stepped" },
					{ "time": 3.4667, "x": 1, "y": 1 }
				]
			},
			"character": {
				"rotate": [
					{ "time": 0, "angle": 0, "curve": "stepped" },
					{ "time": 3.4667, "angle": 0 }
				],
				"translate": [
					{ "time": 0, "x": 0, "y": 0, "curve": "stepped" },
					{ "time": 3.4667, "x": 0, "y": 0 }
				],
				"scale": [
					{ "time": 0, "x": 1, "y": 1 },
					{ "time": 0.5, "x": 1, "y": 1.013 },
					{ "time": 1.1667, "x": 1, "y": 1 },
					{ "time": 1.6667, "x": 1, "y": 1.013 },
					{ "time": 2.3333, "x": 1, "y": 1 },
					{ "time": 2.8333, "x": 1, "y": 1.013 },
					{ "time": 3.4667, "x": 1, "y": 1.001 }
				]
			},
			"btn_tutorial": {
				"rotate": [
					{ "time": 0, "angle": 0, "curve": "stepped" },
					{ "time": 3.4667, "angle": 0 }
				],
				"translate": [
					{ "time": 0, "x": 0, "y": 0, "curve": "stepped" },
					{ "time": 3.4667, "x": 0, "y": 0 }
				],
				"scale": [
					{ "time": 0, "x": 0.7, "y": 0.7, "curve": "stepped" },
					{ "time": 3.2667, "x": 0.7, "y": 0.7 },
					{ "time": 3.3667, "x": 1.1, "y": 1.1 },
					{ "time": 3.4667, "x": 1, "y": 1 }
				]
			},
			"btn_start": {
				"rotate": [
					{ "time": 0, "angle": 0, "curve": "stepped" },
					{ "time": 3.4667, "angle": 0 }
				],
				"translate": [
					{ "time": 0, "x": 0, "y": 0, "curve": "stepped" },
					{ "time": 3.4667, "x": 0, "y": 0 }
				],
				"scale": [
					{ "time": 0, "x": 0.7, "y": 0.7, "curve": "stepped" },
					{ "time": 2.9667, "x": 0.7, "y": 0.7 },
					{ "time": 3.0667, "x": 1.1, "y": 1.1 },
					{ "time": 3.1667, "x": 1, "y": 1, "curve": "stepped" },
					{ "time": 3.4667, "x": 1, "y": 1 }
				]
			},
			"btn_sound": {
				"rotate": [
					{ "time": 0, "angle": 0, "curve": "stepped" },
					{ "time": 3.4667, "angle": 0 }
				],
				"translate": [
					{ "time": 0, "x": 0, "y": 0, "curve": "stepped" },
					{ "time": 3.4667, "x": 0, "y": 0 }
				],
				"scale": [
					{ "time": 0, "x": 0.7, "y": 0.7, "curve": "stepped" },
					{ "time": 3.2667, "x": 0.7, "y": 0.7 },
					{ "time": 3.3667, "x": 1.1, "y": 1.1 },
					{ "time": 3.4667, "x": 1, "y": 1 }
				]
			},
			"bird_1": {
				"rotate": [
					{ "time": 0, "angle": 0, "curve": "stepped" },
					{ "time": 3.4667, "angle": 0 }
				],
				"translate": [
					{ "time": 0, "x": 0, "y": 0 },
					{ "time": 3.4667, "x": -1022.7, "y": 506.79 }
				],
				"scale": [
					{ "time": 0, "x": 1, "y": 1, "curve": "stepped" },
					{ "time": 3.4667, "x": 1, "y": 1 }
				]
			},
			"back_eff": {
				"rotate": [
					{ "time": 0, "angle": 0, "curve": "stepped" },
					{ "time": 3.4667, "angle": 0 }
				],
				"translate": [
					{ "time": 0, "x": 0, "y": 0, "curve": "stepped" },
					{ "time": 3.4667, "x": 0, "y": 0 }
				],
				"scale": [
					{ "time": 0, "x": 1, "y": 1 },
					{ "time": 0.6, "x": 1.05, "y": 1.05 },
					{ "time": 1.1667, "x": 1, "y": 1 },
					{ "time": 1.7667, "x": 1.05, "y": 1.05 },
					{ "time": 2.3333, "x": 1, "y": 1 },
					{ "time": 2.9333, "x": 1.05, "y": 1.05 },
					{ "time": 3.4667, "x": 1.003, "y": 1.003 }
				]
			},
			"text_star_count": {
				"rotate": [
					{ "time": 0, "angle": 0, "curve": "stepped" },
					{ "time": 3.4667, "angle": 0 }
				],
				"translate": [
					{ "time": 0, "x": 0, "y": 0, "curve": "stepped" },
					{ "time": 3.4667, "x": 0, "y": 0 }
				],
				"scale": [
					{ "time": 0, "x": 1, "y": 1, "curve": "stepped" },
					{ "time": 3.4667, "x": 1, "y": 1 }
				]
			},
			"text_banner_color": {
				"rotate": [
					{ "time": 0, "angle": 0, "curve": "stepped" },
					{ "time": 3.4667, "angle": 0 }
				],
				"translate": [
					{ "time": 0, "x": 0, "y": 0, "curve": "stepped" },
					{ "time": 3.4667, "x": 0, "y": 0 }
				],
				"scale": [
					{ "time": 0, "x": 1, "y": 1, "curve": "stepped" },
					{ "time": 3.4667, "x": 1, "y": 1 }
				]
			},
			"banner": {
				"rotate": [
					{ "time": 0, "angle": 0, "curve": "stepped" },
					{ "time": 3.4667, "angle": 0 }
				],
				"translate": [
					{ "time": 0, "x": 0, "y": 0, "curve": "stepped" },
					{ "time": 3.4667, "x": 0, "y": 0 }
				],
				"scale": [
					{ "time": 0, "x": 1, "y": 1, "curve": "stepped" },
					{ "time": 3.4667, "x": 1, "y": 1 }
				]
			},
			"under_ui": {
				"rotate": [
					{ "time": 0, "angle": 0, "curve": "stepped" },
					{ "time": 3.4667, "angle": 0 }
				],
				"translate": [
					{ "time": 0, "x": 0, "y": 0, "curve": "stepped" },
					{ "time": 3.4667, "x": 0, "y": 0 }
				],
				"scale": [
					{ "time": 0, "x": 0.7, "y": 0.7, "curve": "stepped" },
					{ "time": 3.2667, "x": 0.7, "y": 0.7 },
					{ "time": 3.3667, "x": 1.1, "y": 1.1 },
					{ "time": 3.4667, "x": 1, "y": 1 }
				]
			},
			"title_7": {
				"rotate": [
					{ "time": 0, "angle": 0, "curve": "stepped" },
					{ "time": 3.4667, "angle": 0 }
				],
				"translate": [
					{ "time": 0, "x": 0, "y": 0, "curve": "stepped" },
					{ "time": 3.4667, "x": 0, "y": 0 }
				],
				"scale": [
					{ "time": 0, "x": 0.7, "y": 0.7, "curve": "stepped" },
					{ "time": 2.9333, "x": 0.7, "y": 0.7 },
					{ "time": 3.0333, "x": 1.1, "y": 1.1 },
					{ "time": 3.1333, "x": 1, "y": 1, "curve": "stepped" },
					{ "time": 3.4667, "x": 1, "y": 1 }
				]
			}
		}
	}
}
}