{"frames": {

"block_big1_1.png":
{
	"frame": {"x":108,"y":879,"w":110,"h":121},
	"rotated": false,
	"trimmed": true,
	"spriteSourceSize": {"x":5,"y":6,"w":110,"h":121},
	"sourceSize": {"w":120,"h":130}
},
"block_big1_2.png":
{
	"frame": {"x":220,"y":880,"w":110,"h":121},
	"rotated": false,
	"trimmed": true,
	"spriteSourceSize": {"x":5,"y":6,"w":110,"h":121},
	"sourceSize": {"w":120,"h":130}
},
"block_big2_1.png":
{
	"frame": {"x":1,"y":497,"w":106,"h":115},
	"rotated": false,
	"trimmed": true,
	"spriteSourceSize": {"x":7,"y":12,"w":106,"h":115},
	"sourceSize": {"w":120,"h":130}
},
"block_big2_2.png":
{
	"frame": {"x":335,"y":521,"w":106,"h":115},
	"rotated": false,
	"trimmed": true,
	"spriteSourceSize": {"x":7,"y":12,"w":106,"h":115},
	"sourceSize": {"w":120,"h":130}
},
"block_big3_1.png":
{
	"frame": {"x":109,"y":521,"w":111,"h":114},
	"rotated": false,
	"trimmed": true,
	"spriteSourceSize": {"x":5,"y":13,"w":111,"h":114},
	"sourceSize": {"w":120,"h":130}
},
"block_big3_2.png":
{
	"frame": {"x":222,"y":521,"w":111,"h":114},
	"rotated": false,
	"trimmed": true,
	"spriteSourceSize": {"x":5,"y":13,"w":111,"h":114},
	"sourceSize": {"w":120,"h":130}
},
"block_big4_1.png":
{
	"frame": {"x":1,"y":731,"w":105,"h":130},
	"rotated": false,
	"trimmed": true,
	"spriteSourceSize": {"x":5,"y":0,"w":105,"h":130},
	"sourceSize": {"w":120,"h":130}
},
"block_big4_2.png":
{
	"frame": {"x":1,"y":863,"w":105,"h":130},
	"rotated": false,
	"trimmed": true,
	"spriteSourceSize": {"x":5,"y":0,"w":105,"h":130},
	"sourceSize": {"w":120,"h":130}
},
"block_big5_1.png":
{
	"frame": {"x":217,"y":637,"w":110,"h":119},
	"rotated": false,
	"trimmed": true,
	"spriteSourceSize": {"x":5,"y":9,"w":110,"h":119},
	"sourceSize": {"w":120,"h":130}
},
"block_big5_2.png":
{
	"frame": {"x":329,"y":638,"w":110,"h":119},
	"rotated": false,
	"trimmed": true,
	"spriteSourceSize": {"x":5,"y":9,"w":110,"h":119},
	"sourceSize": {"w":120,"h":130}
},
"block_big6_1.png":
{
	"frame": {"x":108,"y":758,"w":118,"h":119},
	"rotated": false,
	"trimmed": true,
	"spriteSourceSize": {"x":1,"y":10,"w":118,"h":119},
	"sourceSize": {"w":120,"h":130}
},
"block_big6_2.png":
{
	"frame": {"x":228,"y":759,"w":118,"h":119},
	"rotated": false,
	"trimmed": true,
	"spriteSourceSize": {"x":1,"y":10,"w":118,"h":119},
	"sourceSize": {"w":120,"h":130}
},
"block_glory1_1.png":
{
	"frame": {"x":1,"y":269,"w":110,"h":111},
	"rotated": false,
	"trimmed": true,
	"spriteSourceSize": {"x":10,"y":5,"w":110,"h":111},
	"sourceSize": {"w":130,"h":120}
},
"block_glory1_2.png":
{
	"frame": {"x":113,"y":292,"w":110,"h":111},
	"rotated": false,
	"trimmed": true,
	"spriteSourceSize": {"x":10,"y":5,"w":110,"h":111},
	"sourceSize": {"w":130,"h":120}
},
"block_glory2_1.png":
{
	"frame": {"x":1,"y":382,"w":110,"h":113},
	"rotated": false,
	"trimmed": true,
	"spriteSourceSize": {"x":10,"y":3,"w":110,"h":113},
	"sourceSize": {"w":130,"h":120}
},
"block_glory2_2.png":
{
	"frame": {"x":113,"y":406,"w":111,"h":113},
	"rotated": false,
	"trimmed": true,
	"spriteSourceSize": {"x":10,"y":3,"w":111,"h":113},
	"sourceSize": {"w":130,"h":120}
},
"block_glory3_1.png":
{
	"frame": {"x":226,"y":406,"w":112,"h":113},
	"rotated": false,
	"trimmed": true,
	"spriteSourceSize": {"x":9,"y":4,"w":112,"h":113},
	"sourceSize": {"w":130,"h":120}
},
"block_glory3_2.png":
{
	"frame": {"x":340,"y":406,"w":112,"h":113},
	"rotated": false,
	"trimmed": true,
	"spriteSourceSize": {"x":9,"y":4,"w":112,"h":113},
	"sourceSize": {"w":130,"h":120}
},
"block_glory4_1.png":
{
	"frame": {"x":1,"y":614,"w":106,"h":115},
	"rotated": false,
	"trimmed": true,
	"spriteSourceSize": {"x":12,"y":2,"w":106,"h":115},
	"sourceSize": {"w":130,"h":120}
},
"block_glory4_2.png":
{
	"frame": {"x":109,"y":637,"w":106,"h":115},
	"rotated": false,
	"trimmed": true,
	"spriteSourceSize": {"x":12,"y":2,"w":106,"h":115},
	"sourceSize": {"w":130,"h":120}
},
"block_glory5_1.png":
{
	"frame": {"x":185,"y":180,"w":110,"h":110},
	"rotated": false,
	"trimmed": true,
	"spriteSourceSize": {"x":10,"y":6,"w":110,"h":110},
	"sourceSize": {"w":130,"h":120}
},
"block_glory5_2.png":
{
	"frame": {"x":297,"y":180,"w":110,"h":110},
	"rotated": false,
	"trimmed": true,
	"spriteSourceSize": {"x":10,"y":6,"w":110,"h":110},
	"sourceSize": {"w":130,"h":120}
},
"block_glory6_1.png":
{
	"frame": {"x":225,"y":292,"w":116,"h":112},
	"rotated": false,
	"trimmed": true,
	"spriteSourceSize": {"x":7,"y":4,"w":116,"h":112},
	"sourceSize": {"w":130,"h":120}
},
"block_glory6_2.png":
{
	"frame": {"x":343,"y":292,"w":116,"h":112},
	"rotated": false,
	"trimmed": true,
	"spriteSourceSize": {"x":7,"y":4,"w":116,"h":112},
	"sourceSize": {"w":130,"h":120}
},
"block_glory_1.png":
{
	"frame": {"x":332,"y":880,"w":137,"h":139},
	"rotated": false,
	"trimmed": true,
	"spriteSourceSize": {"x":7,"y":6,"w":137,"h":139},
	"sourceSize": {"w":150,"h":150}
},
"block_glory_2.png":
{
	"frame": {"x":348,"y":759,"w":118,"h":119},
	"rotated": false,
	"trimmed": true,
	"spriteSourceSize": {"x":16,"y":16,"w":118,"h":119},
	"sourceSize": {"w":150,"h":150}
},
"block_slice1_1.png":
{
	"frame": {"x":189,"y":1,"w":92,"h":87},
	"rotated": false,
	"trimmed": true,
	"spriteSourceSize": {"x":0,"y":1,"w":92,"h":87},
	"sourceSize": {"w":92,"h":90}
},
"block_slice1_2.png":
{
	"frame": {"x":95,"y":88,"w":92,"h":88},
	"rotated": false,
	"trimmed": true,
	"spriteSourceSize": {"x":0,"y":0,"w":92,"h":88},
	"sourceSize": {"w":92,"h":90}
},
"block_slice1_3.png":
{
	"frame": {"x":189,"y":90,"w":92,"h":88},
	"rotated": false,
	"trimmed": true,
	"spriteSourceSize": {"x":0,"y":1,"w":92,"h":88},
	"sourceSize": {"w":92,"h":90}
},
"block_slice1_4.png":
{
	"frame": {"x":1,"y":175,"w":90,"h":89},
	"rotated": false,
	"trimmed": true,
	"spriteSourceSize": {"x":2,"y":0,"w":90,"h":89},
	"sourceSize": {"w":92,"h":90}
},
"block_slice1_5.png":
{
	"frame": {"x":1,"y":1,"w":92,"h":83},
	"rotated": false,
	"trimmed": true,
	"spriteSourceSize": {"x":0,"y":4,"w":92,"h":83},
	"sourceSize": {"w":92,"h":90}
},
"block_slice1_6.png":
{
	"frame": {"x":283,"y":1,"w":92,"h":87},
	"rotated": false,
	"trimmed": true,
	"spriteSourceSize": {"x":0,"y":1,"w":92,"h":87},
	"sourceSize": {"w":92,"h":90}
},
"block_slice2_1.png":
{
	"frame": {"x":377,"y":1,"w":92,"h":87},
	"rotated": false,
	"trimmed": true,
	"spriteSourceSize": {"x":0,"y":1,"w":92,"h":87},
	"sourceSize": {"w":92,"h":90}
},
"block_slice2_2.png":
{
	"frame": {"x":283,"y":90,"w":91,"h":88},
	"rotated": false,
	"trimmed": true,
	"spriteSourceSize": {"x":1,"y":0,"w":91,"h":88},
	"sourceSize": {"w":92,"h":90}
},
"block_slice2_3.png":
{
	"frame": {"x":376,"y":90,"w":91,"h":88},
	"rotated": false,
	"trimmed": true,
	"spriteSourceSize": {"x":1,"y":1,"w":91,"h":88},
	"sourceSize": {"w":92,"h":90}
},
"block_slice2_4.png":
{
	"frame": {"x":93,"y":178,"w":90,"h":89},
	"rotated": false,
	"trimmed": true,
	"spriteSourceSize": {"x":2,"y":0,"w":90,"h":89},
	"sourceSize": {"w":92,"h":90}
},
"block_slice2_5.png":
{
	"frame": {"x":95,"y":1,"w":92,"h":85},
	"rotated": false,
	"trimmed": true,
	"spriteSourceSize": {"x":0,"y":3,"w":92,"h":85},
	"sourceSize": {"w":92,"h":90}
},
"block_slice2_6.png":
{
	"frame": {"x":1,"y":86,"w":92,"h":87},
	"rotated": false,
	"trimmed": true,
	"spriteSourceSize": {"x":0,"y":1,"w":92,"h":87},
	"sourceSize": {"w":92,"h":90}
}},
"meta": {
	"app": "http://www.codeandweb.com/texturepacker",
	"version": "1.0",
	"image": "block2.png",
	"format": "RGBA8888",
	"size": {"w":470,"h":1020},
	"scale": "1",
	"smartupdate": "$TexturePacker:SmartUpdate:1ea033373098c7c751713b3b4e84280e:a671d025ea3888643950644cb8b30f29:a898d56986f3df5051f779ac00000519$"
}
}
