{"frames": {

"block_gold1_1.png":
{
	"frame": {"x":638,"y":1,"w":103,"h":97},
	"rotated": false,
	"trimmed": true,
	"spriteSourceSize": {"x":7,"y":9,"w":103,"h":97},
	"sourceSize": {"w":110,"h":110}
},
"block_gold1_2.png":
{
	"frame": {"x":743,"y":1,"w":104,"h":97},
	"rotated": false,
	"trimmed": true,
	"spriteSourceSize": {"x":4,"y":9,"w":104,"h":97},
	"sourceSize": {"w":110,"h":110}
},
"block_gold1_3.png":
{
	"frame": {"x":1,"y":98,"w":105,"h":98},
	"rotated": false,
	"trimmed": true,
	"spriteSourceSize": {"x":2,"y":8,"w":105,"h":98},
	"sourceSize": {"w":110,"h":110}
},
"block_gold1_4.png":
{
	"frame": {"x":540,"y":300,"w":105,"h":99},
	"rotated": false,
	"trimmed": true,
	"spriteSourceSize": {"x":0,"y":7,"w":105,"h":99},
	"sourceSize": {"w":110,"h":110}
},
"block_gold1_5.png":
{
	"frame": {"x":1,"y":398,"w":104,"h":100},
	"rotated": false,
	"trimmed": true,
	"spriteSourceSize": {"x":0,"y":6,"w":104,"h":100},
	"sourceSize": {"w":110,"h":110}
},
"block_gold1_6.png":
{
	"frame": {"x":647,"y":300,"w":105,"h":99},
	"rotated": false,
	"trimmed": true,
	"spriteSourceSize": {"x":0,"y":7,"w":105,"h":99},
	"sourceSize": {"w":110,"h":110}
},
"block_gold1_7.png":
{
	"frame": {"x":108,"y":98,"w":105,"h":98},
	"rotated": false,
	"trimmed": true,
	"spriteSourceSize": {"x":2,"y":8,"w":105,"h":98},
	"sourceSize": {"w":110,"h":110}
},
"block_gold1_8.png":
{
	"frame": {"x":743,"y":1,"w":104,"h":97},
	"rotated": false,
	"trimmed": true,
	"spriteSourceSize": {"x":4,"y":9,"w":104,"h":97},
	"sourceSize": {"w":110,"h":110}
},
"block_gold1_9.png":
{
	"frame": {"x":638,"y":1,"w":103,"h":97},
	"rotated": false,
	"trimmed": true,
	"spriteSourceSize": {"x":7,"y":9,"w":103,"h":97},
	"sourceSize": {"w":110,"h":110}
},
"block_gold2_1.png":
{
	"frame": {"x":215,"y":98,"w":103,"h":98},
	"rotated": false,
	"trimmed": true,
	"spriteSourceSize": {"x":7,"y":6,"w":103,"h":98},
	"sourceSize": {"w":110,"h":110}
},
"block_gold2_2.png":
{
	"frame": {"x":320,"y":98,"w":103,"h":98},
	"rotated": false,
	"trimmed": true,
	"spriteSourceSize": {"x":7,"y":6,"w":103,"h":98},
	"sourceSize": {"w":110,"h":110}
},
"block_gold2_3.png":
{
	"frame": {"x":425,"y":99,"w":105,"h":98},
	"rotated": false,
	"trimmed": true,
	"spriteSourceSize": {"x":4,"y":6,"w":105,"h":98},
	"sourceSize": {"w":110,"h":110}
},
"block_gold2_4.png":
{
	"frame": {"x":636,"y":100,"w":106,"h":98},
	"rotated": false,
	"trimmed": true,
	"spriteSourceSize": {"x":2,"y":6,"w":106,"h":98},
	"sourceSize": {"w":110,"h":110}
},
"block_gold2_5.png":
{
	"frame": {"x":744,"y":100,"w":106,"h":98},
	"rotated": false,
	"trimmed": true,
	"spriteSourceSize": {"x":0,"y":6,"w":106,"h":98},
	"sourceSize": {"w":110,"h":110}
},
"block_gold2_6.png":
{
	"frame": {"x":1,"y":198,"w":106,"h":98},
	"rotated": false,
	"trimmed": true,
	"spriteSourceSize": {"x":2,"y":6,"w":106,"h":98},
	"sourceSize": {"w":110,"h":110}
},
"block_gold2_7.png":
{
	"frame": {"x":109,"y":198,"w":105,"h":98},
	"rotated": false,
	"trimmed": true,
	"spriteSourceSize": {"x":4,"y":6,"w":105,"h":98},
	"sourceSize": {"w":110,"h":110}
},
"block_gold2_8.png":
{
	"frame": {"x":320,"y":98,"w":103,"h":98},
	"rotated": false,
	"trimmed": true,
	"spriteSourceSize": {"x":7,"y":6,"w":103,"h":98},
	"sourceSize": {"w":110,"h":110}
},
"block_gold2_9.png":
{
	"frame": {"x":215,"y":98,"w":103,"h":98},
	"rotated": false,
	"trimmed": true,
	"spriteSourceSize": {"x":7,"y":6,"w":103,"h":98},
	"sourceSize": {"w":110,"h":110}
},
"block_gold3_1.png":
{
	"frame": {"x":532,"y":99,"w":102,"h":98},
	"rotated": false,
	"trimmed": true,
	"spriteSourceSize": {"x":8,"y":8,"w":102,"h":98},
	"sourceSize": {"w":110,"h":110}
},
"block_gold3_2.png":
{
	"frame": {"x":852,"y":100,"w":103,"h":98},
	"rotated": false,
	"trimmed": true,
	"spriteSourceSize": {"x":7,"y":8,"w":103,"h":98},
	"sourceSize": {"w":110,"h":110}
},
"block_gold3_3.png":
{
	"frame": {"x":216,"y":198,"w":104,"h":98},
	"rotated": false,
	"trimmed": true,
	"spriteSourceSize": {"x":5,"y":8,"w":104,"h":98},
	"sourceSize": {"w":110,"h":110}
},
"block_gold3_4.png":
{
	"frame": {"x":322,"y":199,"w":106,"h":98},
	"rotated": false,
	"trimmed": true,
	"spriteSourceSize": {"x":2,"y":8,"w":106,"h":98},
	"sourceSize": {"w":110,"h":110}
},
"block_gold3_5.png":
{
	"frame": {"x":754,"y":300,"w":107,"h":99},
	"rotated": false,
	"trimmed": true,
	"spriteSourceSize": {"x":0,"y":7,"w":107,"h":99},
	"sourceSize": {"w":110,"h":110}
},
"block_gold3_6.png":
{
	"frame": {"x":430,"y":199,"w":106,"h":98},
	"rotated": false,
	"trimmed": true,
	"spriteSourceSize": {"x":2,"y":8,"w":106,"h":98},
	"sourceSize": {"w":110,"h":110}
},
"block_gold3_7.png":
{
	"frame": {"x":538,"y":200,"w":104,"h":98},
	"rotated": false,
	"trimmed": true,
	"spriteSourceSize": {"x":5,"y":8,"w":104,"h":98},
	"sourceSize": {"w":110,"h":110}
},
"block_gold3_8.png":
{
	"frame": {"x":852,"y":100,"w":103,"h":98},
	"rotated": false,
	"trimmed": true,
	"spriteSourceSize": {"x":7,"y":8,"w":103,"h":98},
	"sourceSize": {"w":110,"h":110}
},
"block_gold3_9.png":
{
	"frame": {"x":532,"y":99,"w":102,"h":98},
	"rotated": false,
	"trimmed": true,
	"spriteSourceSize": {"x":8,"y":8,"w":102,"h":98},
	"sourceSize": {"w":110,"h":110}
},
"block_gold4_1.png":
{
	"frame": {"x":107,"y":398,"w":101,"h":101},
	"rotated": false,
	"trimmed": true,
	"spriteSourceSize": {"x":9,"y":5,"w":101,"h":101},
	"sourceSize": {"w":110,"h":110}
},
"block_gold4_2.png":
{
	"frame": {"x":210,"y":399,"w":103,"h":101},
	"rotated": false,
	"trimmed": true,
	"spriteSourceSize": {"x":7,"y":5,"w":103,"h":101},
	"sourceSize": {"w":110,"h":110}
},
"block_gold4_3.png":
{
	"frame": {"x":315,"y":399,"w":104,"h":101},
	"rotated": false,
	"trimmed": true,
	"spriteSourceSize": {"x":5,"y":5,"w":104,"h":101},
	"sourceSize": {"w":110,"h":110}
},
"block_gold4_4.png":
{
	"frame": {"x":421,"y":400,"w":106,"h":101},
	"rotated": false,
	"trimmed": true,
	"spriteSourceSize": {"x":2,"y":5,"w":106,"h":101},
	"sourceSize": {"w":110,"h":110}
},
"block_gold4_5.png":
{
	"frame": {"x":529,"y":401,"w":107,"h":101},
	"rotated": false,
	"trimmed": true,
	"spriteSourceSize": {"x":0,"y":5,"w":107,"h":101},
	"sourceSize": {"w":110,"h":110}
},
"block_gold4_6.png":
{
	"frame": {"x":638,"y":401,"w":106,"h":101},
	"rotated": false,
	"trimmed": true,
	"spriteSourceSize": {"x":2,"y":5,"w":106,"h":101},
	"sourceSize": {"w":110,"h":110}
},
"block_gold4_7.png":
{
	"frame": {"x":746,"y":401,"w":104,"h":101},
	"rotated": false,
	"trimmed": true,
	"spriteSourceSize": {"x":5,"y":5,"w":104,"h":101},
	"sourceSize": {"w":110,"h":110}
},
"block_gold4_8.png":
{
	"frame": {"x":210,"y":399,"w":103,"h":101},
	"rotated": false,
	"trimmed": true,
	"spriteSourceSize": {"x":7,"y":5,"w":103,"h":101},
	"sourceSize": {"w":110,"h":110}
},
"block_gold4_9.png":
{
	"frame": {"x":107,"y":398,"w":101,"h":101},
	"rotated": false,
	"trimmed": true,
	"spriteSourceSize": {"x":9,"y":5,"w":101,"h":101},
	"sourceSize": {"w":110,"h":110}
},
"block_gold5_1.png":
{
	"frame": {"x":1,"y":1,"w":103,"h":95},
	"rotated": false,
	"trimmed": true,
	"spriteSourceSize": {"x":6,"y":9,"w":103,"h":95},
	"sourceSize": {"w":110,"h":110}
},
"block_gold5_2.png":
{
	"frame": {"x":1,"y":1,"w":103,"h":95},
	"rotated": false,
	"trimmed": true,
	"spriteSourceSize": {"x":6,"y":9,"w":103,"h":95},
	"sourceSize": {"w":110,"h":110}
},
"block_gold5_3.png":
{
	"frame": {"x":106,"y":1,"w":104,"h":95},
	"rotated": false,
	"trimmed": true,
	"spriteSourceSize": {"x":3,"y":9,"w":104,"h":95},
	"sourceSize": {"w":110,"h":110}
},
"block_gold5_4.png":
{
	"frame": {"x":212,"y":1,"w":105,"h":95},
	"rotated": false,
	"trimmed": true,
	"spriteSourceSize": {"x":1,"y":9,"w":105,"h":95},
	"sourceSize": {"w":110,"h":110}
},
"block_gold5_5.png":
{
	"frame": {"x":426,"y":1,"w":104,"h":96},
	"rotated": false,
	"trimmed": true,
	"spriteSourceSize": {"x":0,"y":8,"w":104,"h":96},
	"sourceSize": {"w":110,"h":110}
},
"block_gold5_6.png":
{
	"frame": {"x":849,"y":1,"w":103,"h":97},
	"rotated": false,
	"trimmed": true,
	"spriteSourceSize": {"x":0,"y":7,"w":103,"h":97},
	"sourceSize": {"w":110,"h":110}
},
"block_gold5_7.png":
{
	"frame": {"x":532,"y":1,"w":104,"h":96},
	"rotated": false,
	"trimmed": true,
	"spriteSourceSize": {"x":0,"y":8,"w":104,"h":96},
	"sourceSize": {"w":110,"h":110}
},
"block_gold5_8.png":
{
	"frame": {"x":319,"y":1,"w":105,"h":95},
	"rotated": false,
	"trimmed": true,
	"spriteSourceSize": {"x":1,"y":9,"w":105,"h":95},
	"sourceSize": {"w":110,"h":110}
},
"block_gold5_9.png":
{
	"frame": {"x":106,"y":1,"w":104,"h":95},
	"rotated": false,
	"trimmed": true,
	"spriteSourceSize": {"x":3,"y":9,"w":104,"h":95},
	"sourceSize": {"w":110,"h":110}
},
"block_gold6_1.png":
{
	"frame": {"x":644,"y":200,"w":106,"h":98},
	"rotated": false,
	"trimmed": true,
	"spriteSourceSize": {"x":4,"y":7,"w":106,"h":98},
	"sourceSize": {"w":110,"h":110}
},
"block_gold6_2.png":
{
	"frame": {"x":752,"y":200,"w":106,"h":98},
	"rotated": false,
	"trimmed": true,
	"spriteSourceSize": {"x":4,"y":7,"w":106,"h":98},
	"sourceSize": {"w":110,"h":110}
},
"block_gold6_3.png":
{
	"frame": {"x":1,"y":298,"w":105,"h":98},
	"rotated": false,
	"trimmed": true,
	"spriteSourceSize": {"x":4,"y":7,"w":105,"h":98},
	"sourceSize": {"w":110,"h":110}
},
"block_gold6_4.png":
{
	"frame": {"x":108,"y":298,"w":106,"h":98},
	"rotated": false,
	"trimmed": true,
	"spriteSourceSize": {"x":2,"y":7,"w":106,"h":98},
	"sourceSize": {"w":110,"h":110}
},
"block_gold6_5.png":
{
	"frame": {"x":216,"y":299,"w":107,"h":98},
	"rotated": false,
	"trimmed": true,
	"spriteSourceSize": {"x":0,"y":7,"w":107,"h":98},
	"sourceSize": {"w":110,"h":110}
},
"block_gold6_6.png":
{
	"frame": {"x":325,"y":299,"w":106,"h":98},
	"rotated": false,
	"trimmed": true,
	"spriteSourceSize": {"x":2,"y":7,"w":106,"h":98},
	"sourceSize": {"w":110,"h":110}
},
"block_gold6_7.png":
{
	"frame": {"x":433,"y":300,"w":105,"h":98},
	"rotated": false,
	"trimmed": true,
	"spriteSourceSize": {"x":4,"y":7,"w":105,"h":98},
	"sourceSize": {"w":110,"h":110}
},
"block_gold6_8.png":
{
	"frame": {"x":752,"y":200,"w":106,"h":98},
	"rotated": false,
	"trimmed": true,
	"spriteSourceSize": {"x":4,"y":7,"w":106,"h":98},
	"sourceSize": {"w":110,"h":110}
},
"block_gold6_9.png":
{
	"frame": {"x":644,"y":200,"w":106,"h":98},
	"rotated": false,
	"trimmed": true,
	"spriteSourceSize": {"x":4,"y":7,"w":106,"h":98},
	"sourceSize": {"w":110,"h":110}
}},
"meta": {
	"app": "http://www.codeandweb.com/texturepacker",
	"version": "1.0",
	"image": "block3.png",
	"format": "RGBA8888",
	"size": {"w":956,"h":503},
	"scale": "1",
	"smartupdate": "$TexturePacker:SmartUpdate:6d3fa9cde18d7621e8fef684727d6bbb:24d7669f2feefa9d799e37e682c4c598:784e2e89fe97c00fd2a8dabc8df364b3$"
}
}
