{"frames": {

"ui_basic3_1.png":
{
	"frame": {"x":103,"y":1,"w":100,"h":139},
	"rotated": false,
	"trimmed": true,
	"spriteSourceSize": {"x":0,"y":1,"w":100,"h":139},
	"sourceSize": {"w":100,"h":140}
},
"ui_basic3_2.png":
{
	"frame": {"x":103,"y":847,"w":100,"h":139},
	"rotated": false,
	"trimmed": true,
	"spriteSourceSize": {"x":0,"y":1,"w":100,"h":139},
	"sourceSize": {"w":100,"h":140}
},
"ui_basic3_3.png":
{
	"frame": {"x":1,"y":1034,"w":100,"h":139},
	"rotated": false,
	"trimmed": true,
	"spriteSourceSize": {"x":0,"y":1,"w":100,"h":139},
	"sourceSize": {"w":100,"h":140}
},
"ui_basic3_4.png":
{
	"frame": {"x":103,"y":1129,"w":100,"h":139},
	"rotated": false,
	"trimmed": true,
	"spriteSourceSize": {"x":0,"y":1,"w":100,"h":139},
	"sourceSize": {"w":100,"h":140}
},
"ui_basic3_5.png":
{
	"frame": {"x":1,"y":1175,"w":100,"h":139},
	"rotated": false,
	"trimmed": true,
	"spriteSourceSize": {"x":0,"y":1,"w":100,"h":139},
	"sourceSize": {"w":100,"h":140}
},
"ui_basic3_6.png":
{
	"frame": {"x":103,"y":1270,"w":100,"h":139},
	"rotated": false,
	"trimmed": true,
	"spriteSourceSize": {"x":0,"y":1,"w":100,"h":139},
	"sourceSize": {"w":100,"h":140}
},
"ui_basic3_7.png":
{
	"frame": {"x":1,"y":1316,"w":100,"h":139},
	"rotated": false,
	"trimmed": true,
	"spriteSourceSize": {"x":0,"y":1,"w":100,"h":139},
	"sourceSize": {"w":100,"h":140}
},
"ui_basic3_8.png":
{
	"frame": {"x":103,"y":1411,"w":100,"h":139},
	"rotated": false,
	"trimmed": true,
	"spriteSourceSize": {"x":0,"y":1,"w":100,"h":139},
	"sourceSize": {"w":100,"h":140}
},
"ui_basic3_9.png":
{
	"frame": {"x":1,"y":1457,"w":100,"h":139},
	"rotated": false,
	"trimmed": true,
	"spriteSourceSize": {"x":0,"y":1,"w":100,"h":139},
	"sourceSize": {"w":100,"h":140}
},
"ui_basic3_10.png":
{
	"frame": {"x":103,"y":142,"w":100,"h":139},
	"rotated": false,
	"trimmed": true,
	"spriteSourceSize": {"x":0,"y":1,"w":100,"h":139},
	"sourceSize": {"w":100,"h":140}
},
"ui_basic3_11.png":
{
	"frame": {"x":1,"y":188,"w":100,"h":139},
	"rotated": false,
	"trimmed": true,
	"spriteSourceSize": {"x":0,"y":1,"w":100,"h":139},
	"sourceSize": {"w":100,"h":140}
},
"ui_basic3_12.png":
{
	"frame": {"x":103,"y":283,"w":100,"h":139},
	"rotated": false,
	"trimmed": true,
	"spriteSourceSize": {"x":0,"y":1,"w":100,"h":139},
	"sourceSize": {"w":100,"h":140}
},
"ui_basic3_13.png":
{
	"frame": {"x":1,"y":329,"w":100,"h":139},
	"rotated": false,
	"trimmed": true,
	"spriteSourceSize": {"x":0,"y":1,"w":100,"h":139},
	"sourceSize": {"w":100,"h":140}
},
"ui_basic3_14.png":
{
	"frame": {"x":103,"y":424,"w":100,"h":139},
	"rotated": false,
	"trimmed": true,
	"spriteSourceSize": {"x":0,"y":1,"w":100,"h":139},
	"sourceSize": {"w":100,"h":140}
},
"ui_basic3_15.png":
{
	"frame": {"x":1,"y":470,"w":100,"h":139},
	"rotated": false,
	"trimmed": true,
	"spriteSourceSize": {"x":0,"y":1,"w":100,"h":139},
	"sourceSize": {"w":100,"h":140}
},
"ui_basic3_16.png":
{
	"frame": {"x":103,"y":565,"w":100,"h":139},
	"rotated": false,
	"trimmed": true,
	"spriteSourceSize": {"x":0,"y":1,"w":100,"h":139},
	"sourceSize": {"w":100,"h":140}
},
"ui_basic3_17.png":
{
	"frame": {"x":1,"y":611,"w":100,"h":139},
	"rotated": false,
	"trimmed": true,
	"spriteSourceSize": {"x":0,"y":1,"w":100,"h":139},
	"sourceSize": {"w":100,"h":140}
},
"ui_basic3_18.png":
{
	"frame": {"x":103,"y":706,"w":100,"h":139},
	"rotated": false,
	"trimmed": true,
	"spriteSourceSize": {"x":0,"y":1,"w":100,"h":139},
	"sourceSize": {"w":100,"h":140}
},
"ui_basic3_19.png":
{
	"frame": {"x":1,"y":752,"w":100,"h":139},
	"rotated": false,
	"trimmed": true,
	"spriteSourceSize": {"x":0,"y":1,"w":100,"h":139},
	"sourceSize": {"w":100,"h":140}
},
"ui_basic3_20.png":
{
	"frame": {"x":1,"y":893,"w":100,"h":139},
	"rotated": false,
	"trimmed": true,
	"spriteSourceSize": {"x":0,"y":1,"w":100,"h":139},
	"sourceSize": {"w":100,"h":140}
},
"ui_basic3_21.png":
{
	"frame": {"x":103,"y":988,"w":100,"h":139},
	"rotated": false,
	"trimmed": true,
	"spriteSourceSize": {"x":0,"y":1,"w":100,"h":139},
	"sourceSize": {"w":100,"h":140}
},
"ui_basic3_success.png":
{
	"frame": {"x":1,"y":1,"w":100,"h":185},
	"rotated": false,
	"trimmed": false,
	"spriteSourceSize": {"x":0,"y":0,"w":100,"h":185},
	"sourceSize": {"w":100,"h":185}
}},
"meta": {
	"app": "http://www.codeandweb.com/texturepacker",
	"version": "1.0",
	"image": "cup3.png",
	"format": "RGBA8888",
	"size": {"w":204,"h":1597},
	"scale": "1",
	"smartupdate": "$TexturePacker:SmartUpdate:6cacb5cc37a0a8bf657772e5c0743f21:079e6a49eb675b2a4b0c328412c9f474:f0470ae2bd6e9c8ab7fc2d7c5a9fc527$"
}
}
