{"frames": {

"all_1_1.png":
{
	"frame": {"x":1,"y":1,"w":143,"h":500},
	"rotated": false,
	"trimmed": true,
	"spriteSourceSize": {"x":78,"y":0,"w":143,"h":500},
	"sourceSize": {"w":280,"h":500}
},
"all_1_2.png":
{
	"frame": {"x":219,"y":479,"w":148,"h":496},
	"rotated": false,
	"trimmed": true,
	"spriteSourceSize": {"x":80,"y":1,"w":148,"h":496},
	"sourceSize": {"w":280,"h":500}
},
"all_1_3.png":
{
	"frame": {"x":1,"y":503,"w":216,"h":476},
	"rotated": false,
	"trimmed": true,
	"spriteSourceSize": {"x":9,"y":14,"w":216,"h":476},
	"sourceSize": {"w":280,"h":500}
},
"all_1_4.png":
{
	"frame": {"x":146,"y":1,"w":216,"h":476},
	"rotated": false,
	"trimmed": true,
	"spriteSourceSize": {"x":55,"y":14,"w":216,"h":476},
	"sourceSize": {"w":280,"h":500}
},
"all_2.png":
{
	"frame": {"x":364,"y":1,"w":123,"h":124},
	"rotated": false,
	"trimmed": true,
	"spriteSourceSize": {"x":3,"y":4,"w":123,"h":124},
	"sourceSize": {"w":130,"h":130}
},
"all_3_1.png":
{
	"frame": {"x":369,"y":704,"w":110,"h":111},
	"rotated": false,
	"trimmed": true,
	"spriteSourceSize": {"x":10,"y":10,"w":110,"h":111},
	"sourceSize": {"w":130,"h":130}
},
"all_3_2.png":
{
	"frame": {"x":369,"y":589,"w":110,"h":113},
	"rotated": false,
	"trimmed": true,
	"spriteSourceSize": {"x":10,"y":8,"w":110,"h":113},
	"sourceSize": {"w":130,"h":130}
},
"all_3_3.png":
{
	"frame": {"x":369,"y":474,"w":112,"h":113},
	"rotated": false,
	"trimmed": true,
	"spriteSourceSize": {"x":9,"y":9,"w":112,"h":113},
	"sourceSize": {"w":130,"h":130}
},
"all_3_4.png":
{
	"frame": {"x":364,"y":127,"w":106,"h":115},
	"rotated": false,
	"trimmed": true,
	"spriteSourceSize": {"x":12,"y":7,"w":106,"h":115},
	"sourceSize": {"w":130,"h":130}
},
"all_3_5.png":
{
	"frame": {"x":369,"y":817,"w":110,"h":110},
	"rotated": false,
	"trimmed": true,
	"spriteSourceSize": {"x":10,"y":11,"w":110,"h":110},
	"sourceSize": {"w":130,"h":130}
},
"all_3_6.png":
{
	"frame": {"x":364,"y":360,"w":116,"h":112},
	"rotated": false,
	"trimmed": true,
	"spriteSourceSize": {"x":7,"y":9,"w":116,"h":112},
	"sourceSize": {"w":130,"h":130}
},
"all_3_7.png":
{
	"frame": {"x":364,"y":244,"w":123,"h":114},
	"rotated": false,
	"trimmed": true,
	"spriteSourceSize": {"x":3,"y":8,"w":123,"h":114},
	"sourceSize": {"w":130,"h":130}
}},
"meta": {
	"app": "http://www.codeandweb.com/texturepacker",
	"version": "1.0",
	"image": "effect2.png",
	"format": "RGBA8888",
	"size": {"w":488,"h":980},
	"scale": "1",
	"smartupdate": "$TexturePacker:SmartUpdate:5610599f00538a5cc4e8a8f0d01fb4e2:707d2ac3a18920a3b27bbf19428009de:665e0ced935e8b8f40b870ec1298d1e6$"
}
}
