{"frames": {

"hyper_1.png":
{
	"frame": {"x":1,"y":1062,"w":68,"h":66},
	"rotated": false,
	"trimmed": true,
	"spriteSourceSize": {"x":1,"y":1,"w":68,"h":66},
	"sourceSize": {"w":70,"h":70}
},
"hyper_1_1.png":
{
	"frame": {"x":111,"y":855,"w":126,"h":107},
	"rotated": false,
	"trimmed": true,
	"spriteSourceSize": {"x":1,"y":7,"w":126,"h":107},
	"sourceSize": {"w":130,"h":120}
},
"hyper_1_2.png":
{
	"frame": {"x":366,"y":739,"w":125,"h":108},
	"rotated": false,
	"trimmed": true,
	"spriteSourceSize": {"x":3,"y":6,"w":125,"h":108},
	"sourceSize": {"w":130,"h":120}
},
"hyper_1_3.png":
{
	"frame": {"x":362,"y":849,"w":125,"h":108},
	"rotated": false,
	"trimmed": true,
	"spriteSourceSize": {"x":5,"y":5,"w":125,"h":108},
	"sourceSize": {"w":130,"h":120}
},
"hyper_1_4.png":
{
	"frame": {"x":252,"y":524,"w":124,"h":109},
	"rotated": false,
	"trimmed": true,
	"spriteSourceSize": {"x":6,"y":4,"w":124,"h":109},
	"sourceSize": {"w":130,"h":120}
},
"hyper_1_5.png":
{
	"frame": {"x":378,"y":628,"w":123,"h":109},
	"rotated": false,
	"trimmed": true,
	"spriteSourceSize": {"x":7,"y":3,"w":123,"h":109},
	"sourceSize": {"w":130,"h":120}
},
"hyper_1_6.png":
{
	"frame": {"x":1,"y":411,"w":123,"h":111},
	"rotated": false,
	"trimmed": true,
	"spriteSourceSize": {"x":7,"y":1,"w":123,"h":111},
	"sourceSize": {"w":130,"h":120}
},
"hyper_1_7.png":
{
	"frame": {"x":127,"y":410,"w":124,"h":112},
	"rotated": false,
	"trimmed": true,
	"spriteSourceSize": {"x":6,"y":0,"w":124,"h":112},
	"sourceSize": {"w":130,"h":120}
},
"hyper_1_8.png":
{
	"frame": {"x":1,"y":524,"w":123,"h":110},
	"rotated": false,
	"trimmed": true,
	"spriteSourceSize": {"x":7,"y":2,"w":123,"h":110},
	"sourceSize": {"w":130,"h":120}
},
"hyper_1_9.png":
{
	"frame": {"x":1,"y":636,"w":123,"h":109},
	"rotated": false,
	"trimmed": true,
	"spriteSourceSize": {"x":7,"y":3,"w":123,"h":109},
	"sourceSize": {"w":130,"h":120}
},
"hyper_1_10.png":
{
	"frame": {"x":126,"y":524,"w":124,"h":109},
	"rotated": false,
	"trimmed": true,
	"spriteSourceSize": {"x":6,"y":4,"w":124,"h":109},
	"sourceSize": {"w":130,"h":120}
},
"hyper_1_11.png":
{
	"frame": {"x":126,"y":635,"w":125,"h":108},
	"rotated": false,
	"trimmed": true,
	"spriteSourceSize": {"x":5,"y":5,"w":125,"h":108},
	"sourceSize": {"w":130,"h":120}
},
"hyper_1_12.png":
{
	"frame": {"x":126,"y":745,"w":125,"h":108},
	"rotated": false,
	"trimmed": true,
	"spriteSourceSize": {"x":3,"y":6,"w":125,"h":108},
	"sourceSize": {"w":130,"h":120}
},
"hyper_1_13.png":
{
	"frame": {"x":111,"y":855,"w":126,"h":107},
	"rotated": false,
	"trimmed": true,
	"spriteSourceSize": {"x":1,"y":7,"w":126,"h":107},
	"sourceSize": {"w":130,"h":120}
},
"hyper_2.png":
{
	"frame": {"x":443,"y":1,"w":35,"h":110},
	"rotated": false,
	"trimmed": false,
	"spriteSourceSize": {"x":0,"y":0,"w":35,"h":110},
	"sourceSize": {"w":35,"h":110}
},
"hyper_3_1.png":
{
	"frame": {"x":239,"y":951,"w":96,"h":95},
	"rotated": false,
	"trimmed": true,
	"spriteSourceSize": {"x":50,"y":51,"w":96,"h":95},
	"sourceSize": {"w":200,"h":200}
},
"hyper_3_2.png":
{
	"frame": {"x":103,"y":964,"w":96,"h":95},
	"rotated": false,
	"trimmed": true,
	"spriteSourceSize": {"x":50,"y":51,"w":96,"h":95},
	"sourceSize": {"w":200,"h":200}
},
"hyper_3_3.png":
{
	"frame": {"x":1,"y":962,"w":100,"h":98},
	"rotated": false,
	"trimmed": true,
	"spriteSourceSize": {"x":48,"y":49,"w":100,"h":98},
	"sourceSize": {"w":200,"h":200}
},
"hyper_3_4.png":
{
	"frame": {"x":1,"y":856,"w":105,"h":104},
	"rotated": false,
	"trimmed": true,
	"spriteSourceSize": {"x":46,"y":46,"w":105,"h":104},
	"sourceSize": {"w":200,"h":200}
},
"hyper_3_5.png":
{
	"frame": {"x":253,"y":635,"w":111,"h":110},
	"rotated": false,
	"trimmed": true,
	"spriteSourceSize": {"x":43,"y":43,"w":111,"h":110},
	"sourceSize": {"w":200,"h":200}
},
"hyper_3_6.png":
{
	"frame": {"x":263,"y":405,"w":118,"h":117},
	"rotated": false,
	"trimmed": true,
	"spriteSourceSize": {"x":39,"y":40,"w":118,"h":117},
	"sourceSize": {"w":200,"h":200}
},
"hyper_3_7.png":
{
	"frame": {"x":1,"y":286,"w":124,"h":123},
	"rotated": false,
	"trimmed": true,
	"spriteSourceSize": {"x":36,"y":37,"w":124,"h":123},
	"sourceSize": {"w":200,"h":200}
},
"hyper_3_8.png":
{
	"frame": {"x":1,"y":154,"w":131,"h":130},
	"rotated": false,
	"trimmed": true,
	"spriteSourceSize": {"x":33,"y":33,"w":131,"h":130},
	"sourceSize": {"w":200,"h":200}
},
"hyper_3_9.png":
{
	"frame": {"x":299,"y":144,"w":136,"h":136},
	"rotated": false,
	"trimmed": true,
	"spriteSourceSize": {"x":30,"y":30,"w":136,"h":136},
	"sourceSize": {"w":200,"h":200}
},
"hyper_3_10.png":
{
	"frame": {"x":154,"y":1,"w":143,"h":142},
	"rotated": false,
	"trimmed": true,
	"spriteSourceSize": {"x":27,"y":27,"w":143,"h":142},
	"sourceSize": {"w":200,"h":200}
},
"hyper_3_11.png":
{
	"frame": {"x":1,"y":1,"w":151,"h":151},
	"rotated": false,
	"trimmed": true,
	"spriteSourceSize": {"x":23,"y":23,"w":151,"h":151},
	"sourceSize": {"w":200,"h":200}
},
"hyper_3_12.png":
{
	"frame": {"x":299,"y":1,"w":142,"h":141},
	"rotated": false,
	"trimmed": true,
	"spriteSourceSize": {"x":27,"y":28,"w":142,"h":141},
	"sourceSize": {"w":200,"h":200}
},
"hyper_3_13.png":
{
	"frame": {"x":154,"y":145,"w":136,"h":134},
	"rotated": false,
	"trimmed": true,
	"spriteSourceSize": {"x":30,"y":31,"w":136,"h":134},
	"sourceSize": {"w":200,"h":200}
},
"hyper_3_14.png":
{
	"frame": {"x":134,"y":281,"w":127,"h":127},
	"rotated": false,
	"trimmed": true,
	"spriteSourceSize": {"x":35,"y":35,"w":127,"h":127},
	"sourceSize": {"w":200,"h":200}
},
"hyper_3_15.png":
{
	"frame": {"x":263,"y":282,"w":122,"h":121},
	"rotated": false,
	"trimmed": true,
	"spriteSourceSize": {"x":37,"y":38,"w":122,"h":121},
	"sourceSize": {"w":200,"h":200}
},
"hyper_3_16.png":
{
	"frame": {"x":387,"y":282,"w":114,"h":113},
	"rotated": false,
	"trimmed": true,
	"spriteSourceSize": {"x":41,"y":42,"w":114,"h":113},
	"sourceSize": {"w":200,"h":200}
},
"hyper_3_17.png":
{
	"frame": {"x":253,"y":747,"w":107,"h":106},
	"rotated": false,
	"trimmed": true,
	"spriteSourceSize": {"x":45,"y":45,"w":107,"h":106},
	"sourceSize": {"w":200,"h":200}
},
"hyper_3_18.png":
{
	"frame": {"x":1,"y":747,"w":108,"h":107},
	"rotated": false,
	"trimmed": true,
	"spriteSourceSize": {"x":44,"y":45,"w":108,"h":107},
	"sourceSize": {"w":200,"h":200}
},
"hyper_3_19.png":
{
	"frame": {"x":387,"y":397,"w":112,"h":112},
	"rotated": false,
	"trimmed": true,
	"spriteSourceSize": {"x":42,"y":42,"w":112,"h":112},
	"sourceSize": {"w":200,"h":200}
},
"hyper_3_20.png":
{
	"frame": {"x":383,"y":511,"w":115,"h":115},
	"rotated": false,
	"trimmed": true,
	"spriteSourceSize": {"x":41,"y":41,"w":115,"h":115},
	"sourceSize": {"w":200,"h":200}
},
"hyper_4_1.png":
{
	"frame": {"x":390,"y":959,"w":92,"h":94},
	"rotated": false,
	"trimmed": true,
	"spriteSourceSize": {"x":9,"y":9,"w":92,"h":94},
	"sourceSize": {"w":110,"h":110}
},
"hyper_4_2.png":
{
	"frame": {"x":296,"y":1048,"w":92,"h":95},
	"rotated": false,
	"trimmed": true,
	"spriteSourceSize": {"x":9,"y":7,"w":92,"h":95},
	"sourceSize": {"w":110,"h":110}
},
"hyper_4_3.png":
{
	"frame": {"x":201,"y":1048,"w":93,"h":96},
	"rotated": false,
	"trimmed": true,
	"spriteSourceSize": {"x":9,"y":8,"w":93,"h":96},
	"sourceSize": {"w":110,"h":110}
},
"hyper_4_4.png":
{
	"frame": {"x":390,"y":1055,"w":89,"h":97},
	"rotated": false,
	"trimmed": true,
	"spriteSourceSize": {"x":11,"y":6,"w":89,"h":97},
	"sourceSize": {"w":110,"h":110}
},
"hyper_4_5.png":
{
	"frame": {"x":103,"y":1061,"w":92,"h":92},
	"rotated": false,
	"trimmed": true,
	"spriteSourceSize": {"x":9,"y":10,"w":92,"h":92},
	"sourceSize": {"w":110,"h":110}
},
"hyper_4_6.png":
{
	"frame": {"x":239,"y":855,"w":98,"h":94},
	"rotated": false,
	"trimmed": true,
	"spriteSourceSize": {"x":6,"y":8,"w":98,"h":94},
	"sourceSize": {"w":110,"h":110}
}},
"meta": {
	"app": "http://www.codeandweb.com/texturepacker",
	"version": "1.0",
	"image": "hyperEffect.png",
	"format": "RGBA8888",
	"size": {"w":502,"h":1154},
	"scale": "1",
	"smartupdate": "$TexturePacker:SmartUpdate:503f0d3a4dead313ece5ef41669a312d:62a809e06bec4e1ac57e3ac4290d7371:4c7271d89f6b6c0902cda38ca7a41861$"
}
}
