{"frames": {

"game_text_all.png":
{
	"frame": {"x":527,"y":617,"w":489,"h":209},
	"rotated": false,
	"trimmed": true,
	"spriteSourceSize": {"x":1,"y":0,"w":489,"h":209},
	"sourceSize": {"w":490,"h":210}
},
"game_text_block1.png":
{
	"frame": {"x":615,"y":111,"w":316,"h":140},
	"rotated": false,
	"trimmed": true,
	"spriteSourceSize": {"x":2,"y":0,"w":316,"h":140},
	"sourceSize": {"w":320,"h":140}
},
"game_text_block2.png":
{
	"frame": {"x":615,"y":1,"w":356,"h":108},
	"rotated": false,
	"trimmed": true,
	"spriteSourceSize": {"x":7,"y":16,"w":356,"h":108},
	"sourceSize": {"w":370,"h":140}
},
"game_text_block3.png":
{
	"frame": {"x":1,"y":542,"w":524,"h":140},
	"rotated": false,
	"trimmed": true,
	"spriteSourceSize": {"x":3,"y":0,"w":524,"h":140},
	"sourceSize": {"w":530,"h":140}
},
"game_text_block4.png":
{
	"frame": {"x":1,"y":425,"w":602,"h":115},
	"rotated": false,
	"trimmed": true,
	"spriteSourceSize": {"x":9,"y":13,"w":602,"h":115},
	"sourceSize": {"w":620,"h":140}
},
"game_text_clear.png":
{
	"frame": {"x":1,"y":283,"w":606,"h":140},
	"rotated": false,
	"trimmed": true,
	"spriteSourceSize": {"x":7,"y":0,"w":606,"h":140},
	"sourceSize": {"w":620,"h":140}
},
"game_text_gameover.png":
{
	"frame": {"x":1,"y":141,"w":608,"h":140},
	"rotated": false,
	"trimmed": true,
	"spriteSourceSize": {"x":6,"y":0,"w":608,"h":140},
	"sourceSize": {"w":620,"h":140}
},
"game_text_Special1.png":
{
	"frame": {"x":1,"y":684,"w":476,"h":206},
	"rotated": false,
	"trimmed": true,
	"spriteSourceSize": {"x":2,"y":2,"w":476,"h":206},
	"sourceSize": {"w":480,"h":210}
},
"game_text_Special2.png":
{
	"frame": {"x":479,"y":828,"w":446,"h":210},
	"rotated": false,
	"trimmed": true,
	"spriteSourceSize": {"x":17,"y":0,"w":446,"h":210},
	"sourceSize": {"w":480,"h":210}
},
"game_text_Special3.png":
{
	"frame": {"x":1,"y":892,"w":422,"h":190},
	"rotated": false,
	"trimmed": true,
	"spriteSourceSize": {"x":4,"y":5,"w":422,"h":190},
	"sourceSize": {"w":430,"h":200}
},
"game_text_start.png":
{
	"frame": {"x":1,"y":1,"w":612,"h":138},
	"rotated": false,
	"trimmed": true,
	"spriteSourceSize": {"x":4,"y":1,"w":612,"h":138},
	"sourceSize": {"w":620,"h":140}
},
"last_keg.png":
{
	"frame": {"x":611,"y":253,"w":200,"h":114},
	"rotated": false,
	"trimmed": true,
	"spriteSourceSize": {"x":0,"y":0,"w":200,"h":114},
	"sourceSize": {"w":200,"h":115}
},
"Special1_fruits.png":
{
	"frame": {"x":813,"y":253,"w":188,"h":180},
	"rotated": false,
	"trimmed": true,
	"spriteSourceSize": {"x":1,"y":5,"w":188,"h":180},
	"sourceSize": {"w":190,"h":190}
},
"Special2_Special.png":
{
	"frame": {"x":609,"y":369,"w":188,"h":180},
	"rotated": false,
	"trimmed": true,
	"spriteSourceSize": {"x":1,"y":5,"w":188,"h":180},
	"sourceSize": {"w":190,"h":190}
},
"Special3_gamen.png":
{
	"frame": {"x":799,"y":435,"w":188,"h":180},
	"rotated": false,
	"trimmed": true,
	"spriteSourceSize": {"x":1,"y":5,"w":188,"h":180},
	"sourceSize": {"w":190,"h":190}
}},
"meta": {
	"app": "http://www.codeandweb.com/texturepacker",
	"version": "1.0",
	"image": "message.png",
	"format": "RGBA8888",
	"size": {"w":1017,"h":1083},
	"scale": "1",
	"smartupdate": "$TexturePacker:SmartUpdate:e96907aa7b4ebcfa372d340bdbf62d6b:5f2ce8592fc235743e8be3f3cf348263:478086e1cb352764841939ae3d37a1f8$"
}
}
