{"frames": {

"ui_specialB5_1.png":
{
	"frame": {"x":108,"y":1,"w":85,"h":133},
	"rotated": false,
	"trimmed": true,
	"spriteSourceSize": {"x":0,"y":2,"w":85,"h":133},
	"sourceSize": {"w":85,"h":135}
},
"ui_specialB5_2.png":
{
	"frame": {"x":1,"y":158,"w":85,"h":133},
	"rotated": false,
	"trimmed": true,
	"spriteSourceSize": {"x":0,"y":2,"w":85,"h":133},
	"sourceSize": {"w":85,"h":135}
},
"ui_specialB5_3.png":
{
	"frame": {"x":369,"y":136,"w":85,"h":133},
	"rotated": false,
	"trimmed": true,
	"spriteSourceSize": {"x":0,"y":2,"w":85,"h":133},
	"sourceSize": {"w":85,"h":135}
},
"ui_specialB5_4.png":
{
	"frame": {"x":456,"y":136,"w":85,"h":133},
	"rotated": false,
	"trimmed": true,
	"spriteSourceSize": {"x":0,"y":2,"w":85,"h":133},
	"sourceSize": {"w":85,"h":135}
},
"ui_specialB5_5.png":
{
	"frame": {"x":543,"y":136,"w":85,"h":133},
	"rotated": false,
	"trimmed": true,
	"spriteSourceSize": {"x":0,"y":2,"w":85,"h":133},
	"sourceSize": {"w":85,"h":135}
},
"ui_specialB5_6.png":
{
	"frame": {"x":630,"y":136,"w":85,"h":133},
	"rotated": false,
	"trimmed": true,
	"spriteSourceSize": {"x":0,"y":2,"w":85,"h":133},
	"sourceSize": {"w":85,"h":135}
},
"ui_specialB5_7.png":
{
	"frame": {"x":717,"y":136,"w":85,"h":133},
	"rotated": false,
	"trimmed": true,
	"spriteSourceSize": {"x":0,"y":2,"w":85,"h":133},
	"sourceSize": {"w":85,"h":135}
},
"ui_specialB5_8.png":
{
	"frame": {"x":804,"y":136,"w":85,"h":133},
	"rotated": false,
	"trimmed": true,
	"spriteSourceSize": {"x":0,"y":2,"w":85,"h":133},
	"sourceSize": {"w":85,"h":135}
},
"ui_specialB5_9.png":
{
	"frame": {"x":891,"y":136,"w":85,"h":133},
	"rotated": false,
	"trimmed": true,
	"spriteSourceSize": {"x":0,"y":2,"w":85,"h":133},
	"sourceSize": {"w":85,"h":135}
},
"ui_specialB5_10.png":
{
	"frame": {"x":195,"y":1,"w":85,"h":133},
	"rotated": false,
	"trimmed": true,
	"spriteSourceSize": {"x":0,"y":2,"w":85,"h":133},
	"sourceSize": {"w":85,"h":135}
},
"ui_specialB5_11.png":
{
	"frame": {"x":282,"y":1,"w":85,"h":133},
	"rotated": false,
	"trimmed": true,
	"spriteSourceSize": {"x":0,"y":2,"w":85,"h":133},
	"sourceSize": {"w":85,"h":135}
},
"ui_specialB5_12.png":
{
	"frame": {"x":369,"y":1,"w":85,"h":133},
	"rotated": false,
	"trimmed": true,
	"spriteSourceSize": {"x":0,"y":2,"w":85,"h":133},
	"sourceSize": {"w":85,"h":135}
},
"ui_specialB5_13.png":
{
	"frame": {"x":456,"y":1,"w":85,"h":133},
	"rotated": false,
	"trimmed": true,
	"spriteSourceSize": {"x":0,"y":2,"w":85,"h":133},
	"sourceSize": {"w":85,"h":135}
},
"ui_specialB5_14.png":
{
	"frame": {"x":543,"y":1,"w":85,"h":133},
	"rotated": false,
	"trimmed": true,
	"spriteSourceSize": {"x":0,"y":2,"w":85,"h":133},
	"sourceSize": {"w":85,"h":135}
},
"ui_specialB5_15.png":
{
	"frame": {"x":630,"y":1,"w":85,"h":133},
	"rotated": false,
	"trimmed": true,
	"spriteSourceSize": {"x":0,"y":2,"w":85,"h":133},
	"sourceSize": {"w":85,"h":135}
},
"ui_specialB5_16.png":
{
	"frame": {"x":717,"y":1,"w":85,"h":133},
	"rotated": false,
	"trimmed": true,
	"spriteSourceSize": {"x":0,"y":2,"w":85,"h":133},
	"sourceSize": {"w":85,"h":135}
},
"ui_specialB5_17.png":
{
	"frame": {"x":804,"y":1,"w":85,"h":133},
	"rotated": false,
	"trimmed": true,
	"spriteSourceSize": {"x":0,"y":2,"w":85,"h":133},
	"sourceSize": {"w":85,"h":135}
},
"ui_specialB5_18.png":
{
	"frame": {"x":891,"y":1,"w":85,"h":133},
	"rotated": false,
	"trimmed": true,
	"spriteSourceSize": {"x":0,"y":2,"w":85,"h":133},
	"sourceSize": {"w":85,"h":135}
},
"ui_specialB5_19.png":
{
	"frame": {"x":108,"y":136,"w":85,"h":133},
	"rotated": false,
	"trimmed": true,
	"spriteSourceSize": {"x":0,"y":2,"w":85,"h":133},
	"sourceSize": {"w":85,"h":135}
},
"ui_specialB5_20.png":
{
	"frame": {"x":195,"y":136,"w":85,"h":133},
	"rotated": false,
	"trimmed": true,
	"spriteSourceSize": {"x":0,"y":2,"w":85,"h":133},
	"sourceSize": {"w":85,"h":135}
},
"ui_specialB5_21.png":
{
	"frame": {"x":282,"y":136,"w":85,"h":133},
	"rotated": false,
	"trimmed": true,
	"spriteSourceSize": {"x":0,"y":2,"w":85,"h":133},
	"sourceSize": {"w":85,"h":135}
},
"ui_specialB5_success.png":
{
	"frame": {"x":1,"y":1,"w":105,"h":155},
	"rotated": false,
	"trimmed": false,
	"spriteSourceSize": {"x":0,"y":0,"w":105,"h":155},
	"sourceSize": {"w":105,"h":155}
}},
"meta": {
	"app": "http://www.codeandweb.com/texturepacker",
	"version": "1.0",
	"image": "special2_5.png",
	"format": "RGBA8888",
	"size": {"w":977,"h":292},
	"scale": "1",
	"smartupdate": "$TexturePacker:SmartUpdate:f4cc22f179711cbdb6145b5cd51ff031:632863bade880eb860fa565d09f43301:6c15a3fd15eddaefc5a0a324225a1714$"
}
}
