{"frames": {

"ui_specialC2_1.png":
{
	"frame": {"x":108,"y":1,"w":85,"h":135},
	"rotated": false,
	"trimmed": false,
	"spriteSourceSize": {"x":0,"y":0,"w":85,"h":135},
	"sourceSize": {"w":85,"h":135}
},
"ui_specialC2_2.png":
{
	"frame": {"x":1,"y":158,"w":85,"h":135},
	"rotated": false,
	"trimmed": false,
	"spriteSourceSize": {"x":0,"y":0,"w":85,"h":135},
	"sourceSize": {"w":85,"h":135}
},
"ui_specialC2_3.png":
{
	"frame": {"x":369,"y":138,"w":85,"h":135},
	"rotated": false,
	"trimmed": false,
	"spriteSourceSize": {"x":0,"y":0,"w":85,"h":135},
	"sourceSize": {"w":85,"h":135}
},
"ui_specialC2_4.png":
{
	"frame": {"x":456,"y":138,"w":85,"h":135},
	"rotated": false,
	"trimmed": false,
	"spriteSourceSize": {"x":0,"y":0,"w":85,"h":135},
	"sourceSize": {"w":85,"h":135}
},
"ui_specialC2_5.png":
{
	"frame": {"x":543,"y":138,"w":85,"h":135},
	"rotated": false,
	"trimmed": false,
	"spriteSourceSize": {"x":0,"y":0,"w":85,"h":135},
	"sourceSize": {"w":85,"h":135}
},
"ui_specialC2_6.png":
{
	"frame": {"x":630,"y":138,"w":85,"h":135},
	"rotated": false,
	"trimmed": false,
	"spriteSourceSize": {"x":0,"y":0,"w":85,"h":135},
	"sourceSize": {"w":85,"h":135}
},
"ui_specialC2_7.png":
{
	"frame": {"x":717,"y":138,"w":85,"h":135},
	"rotated": false,
	"trimmed": false,
	"spriteSourceSize": {"x":0,"y":0,"w":85,"h":135},
	"sourceSize": {"w":85,"h":135}
},
"ui_specialC2_8.png":
{
	"frame": {"x":804,"y":138,"w":85,"h":135},
	"rotated": false,
	"trimmed": false,
	"spriteSourceSize": {"x":0,"y":0,"w":85,"h":135},
	"sourceSize": {"w":85,"h":135}
},
"ui_specialC2_9.png":
{
	"frame": {"x":891,"y":138,"w":85,"h":135},
	"rotated": false,
	"trimmed": false,
	"spriteSourceSize": {"x":0,"y":0,"w":85,"h":135},
	"sourceSize": {"w":85,"h":135}
},
"ui_specialC2_10.png":
{
	"frame": {"x":195,"y":1,"w":85,"h":135},
	"rotated": false,
	"trimmed": false,
	"spriteSourceSize": {"x":0,"y":0,"w":85,"h":135},
	"sourceSize": {"w":85,"h":135}
},
"ui_specialC2_11.png":
{
	"frame": {"x":282,"y":1,"w":85,"h":135},
	"rotated": false,
	"trimmed": false,
	"spriteSourceSize": {"x":0,"y":0,"w":85,"h":135},
	"sourceSize": {"w":85,"h":135}
},
"ui_specialC2_12.png":
{
	"frame": {"x":369,"y":1,"w":85,"h":135},
	"rotated": false,
	"trimmed": false,
	"spriteSourceSize": {"x":0,"y":0,"w":85,"h":135},
	"sourceSize": {"w":85,"h":135}
},
"ui_specialC2_13.png":
{
	"frame": {"x":456,"y":1,"w":85,"h":135},
	"rotated": false,
	"trimmed": false,
	"spriteSourceSize": {"x":0,"y":0,"w":85,"h":135},
	"sourceSize": {"w":85,"h":135}
},
"ui_specialC2_14.png":
{
	"frame": {"x":543,"y":1,"w":85,"h":135},
	"rotated": false,
	"trimmed": false,
	"spriteSourceSize": {"x":0,"y":0,"w":85,"h":135},
	"sourceSize": {"w":85,"h":135}
},
"ui_specialC2_15.png":
{
	"frame": {"x":630,"y":1,"w":85,"h":135},
	"rotated": false,
	"trimmed": false,
	"spriteSourceSize": {"x":0,"y":0,"w":85,"h":135},
	"sourceSize": {"w":85,"h":135}
},
"ui_specialC2_16.png":
{
	"frame": {"x":717,"y":1,"w":85,"h":135},
	"rotated": false,
	"trimmed": false,
	"spriteSourceSize": {"x":0,"y":0,"w":85,"h":135},
	"sourceSize": {"w":85,"h":135}
},
"ui_specialC2_17.png":
{
	"frame": {"x":804,"y":1,"w":85,"h":135},
	"rotated": false,
	"trimmed": false,
	"spriteSourceSize": {"x":0,"y":0,"w":85,"h":135},
	"sourceSize": {"w":85,"h":135}
},
"ui_specialC2_18.png":
{
	"frame": {"x":891,"y":1,"w":85,"h":135},
	"rotated": false,
	"trimmed": false,
	"spriteSourceSize": {"x":0,"y":0,"w":85,"h":135},
	"sourceSize": {"w":85,"h":135}
},
"ui_specialC2_19.png":
{
	"frame": {"x":108,"y":138,"w":85,"h":135},
	"rotated": false,
	"trimmed": false,
	"spriteSourceSize": {"x":0,"y":0,"w":85,"h":135},
	"sourceSize": {"w":85,"h":135}
},
"ui_specialC2_20.png":
{
	"frame": {"x":195,"y":138,"w":85,"h":135},
	"rotated": false,
	"trimmed": false,
	"spriteSourceSize": {"x":0,"y":0,"w":85,"h":135},
	"sourceSize": {"w":85,"h":135}
},
"ui_specialC2_21.png":
{
	"frame": {"x":282,"y":138,"w":85,"h":135},
	"rotated": false,
	"trimmed": false,
	"spriteSourceSize": {"x":0,"y":0,"w":85,"h":135},
	"sourceSize": {"w":85,"h":135}
},
"ui_specialC2_success.png":
{
	"frame": {"x":1,"y":1,"w":105,"h":155},
	"rotated": false,
	"trimmed": false,
	"spriteSourceSize": {"x":0,"y":0,"w":105,"h":155},
	"sourceSize": {"w":105,"h":155}
}},
"meta": {
	"app": "http://www.codeandweb.com/texturepacker",
	"version": "1.0",
	"image": "special3_2.png",
	"format": "RGBA8888",
	"size": {"w":977,"h":294},
	"scale": "1",
	"smartupdate": "$TexturePacker:SmartUpdate:d21baeda45d12968f466a28b08b41c22:51aa5ea6741f579319653f0fe9b38355:a8155ef655de11907a8ce7a9afb3590c$"
}
}
