{"frames": {

"ui_specialB3_1.png":
{
	"frame": {"x":108,"y":1,"w":85,"h":133},
	"rotated": false,
	"trimmed": true,
	"spriteSourceSize": {"x":0,"y":2,"w":85,"h":133},
	"sourceSize": {"w":85,"h":135}
},
"ui_specialB3_2.png":
{
	"frame": {"x":1,"y":158,"w":85,"h":133},
	"rotated": false,
	"trimmed": true,
	"spriteSourceSize": {"x":0,"y":2,"w":85,"h":133},
	"sourceSize": {"w":85,"h":135}
},
"ui_specialB3_3.png":
{
	"frame": {"x":369,"y":136,"w":85,"h":133},
	"rotated": false,
	"trimmed": true,
	"spriteSourceSize": {"x":0,"y":2,"w":85,"h":133},
	"sourceSize": {"w":85,"h":135}
},
"ui_specialB3_4.png":
{
	"frame": {"x":456,"y":136,"w":85,"h":133},
	"rotated": false,
	"trimmed": true,
	"spriteSourceSize": {"x":0,"y":2,"w":85,"h":133},
	"sourceSize": {"w":85,"h":135}
},
"ui_specialB3_5.png":
{
	"frame": {"x":543,"y":136,"w":85,"h":133},
	"rotated": false,
	"trimmed": true,
	"spriteSourceSize": {"x":0,"y":2,"w":85,"h":133},
	"sourceSize": {"w":85,"h":135}
},
"ui_specialB3_6.png":
{
	"frame": {"x":630,"y":136,"w":85,"h":133},
	"rotated": false,
	"trimmed": true,
	"spriteSourceSize": {"x":0,"y":2,"w":85,"h":133},
	"sourceSize": {"w":85,"h":135}
},
"ui_specialB3_7.png":
{
	"frame": {"x":717,"y":136,"w":85,"h":133},
	"rotated": false,
	"trimmed": true,
	"spriteSourceSize": {"x":0,"y":2,"w":85,"h":133},
	"sourceSize": {"w":85,"h":135}
},
"ui_specialB3_8.png":
{
	"frame": {"x":804,"y":136,"w":85,"h":133},
	"rotated": false,
	"trimmed": true,
	"spriteSourceSize": {"x":0,"y":2,"w":85,"h":133},
	"sourceSize": {"w":85,"h":135}
},
"ui_specialB3_9.png":
{
	"frame": {"x":891,"y":136,"w":85,"h":133},
	"rotated": false,
	"trimmed": true,
	"spriteSourceSize": {"x":0,"y":2,"w":85,"h":133},
	"sourceSize": {"w":85,"h":135}
},
"ui_specialB3_10.png":
{
	"frame": {"x":195,"y":1,"w":85,"h":133},
	"rotated": false,
	"trimmed": true,
	"spriteSourceSize": {"x":0,"y":2,"w":85,"h":133},
	"sourceSize": {"w":85,"h":135}
},
"ui_specialB3_11.png":
{
	"frame": {"x":282,"y":1,"w":85,"h":133},
	"rotated": false,
	"trimmed": true,
	"spriteSourceSize": {"x":0,"y":2,"w":85,"h":133},
	"sourceSize": {"w":85,"h":135}
},
"ui_specialB3_12.png":
{
	"frame": {"x":369,"y":1,"w":85,"h":133},
	"rotated": false,
	"trimmed": true,
	"spriteSourceSize": {"x":0,"y":2,"w":85,"h":133},
	"sourceSize": {"w":85,"h":135}
},
"ui_specialB3_13.png":
{
	"frame": {"x":456,"y":1,"w":85,"h":133},
	"rotated": false,
	"trimmed": true,
	"spriteSourceSize": {"x":0,"y":2,"w":85,"h":133},
	"sourceSize": {"w":85,"h":135}
},
"ui_specialB3_14.png":
{
	"frame": {"x":543,"y":1,"w":85,"h":133},
	"rotated": false,
	"trimmed": true,
	"spriteSourceSize": {"x":0,"y":2,"w":85,"h":133},
	"sourceSize": {"w":85,"h":135}
},
"ui_specialB3_15.png":
{
	"frame": {"x":630,"y":1,"w":85,"h":133},
	"rotated": false,
	"trimmed": true,
	"spriteSourceSize": {"x":0,"y":2,"w":85,"h":133},
	"sourceSize": {"w":85,"h":135}
},
"ui_specialB3_16.png":
{
	"frame": {"x":717,"y":1,"w":85,"h":133},
	"rotated": false,
	"trimmed": true,
	"spriteSourceSize": {"x":0,"y":2,"w":85,"h":133},
	"sourceSize": {"w":85,"h":135}
},
"ui_specialB3_17.png":
{
	"frame": {"x":804,"y":1,"w":85,"h":133},
	"rotated": false,
	"trimmed": true,
	"spriteSourceSize": {"x":0,"y":2,"w":85,"h":133},
	"sourceSize": {"w":85,"h":135}
},
"ui_specialB3_18.png":
{
	"frame": {"x":891,"y":1,"w":85,"h":133},
	"rotated": false,
	"trimmed": true,
	"spriteSourceSize": {"x":0,"y":2,"w":85,"h":133},
	"sourceSize": {"w":85,"h":135}
},
"ui_specialB3_19.png":
{
	"frame": {"x":108,"y":136,"w":85,"h":133},
	"rotated": false,
	"trimmed": true,
	"spriteSourceSize": {"x":0,"y":2,"w":85,"h":133},
	"sourceSize": {"w":85,"h":135}
},
"ui_specialB3_20.png":
{
	"frame": {"x":195,"y":136,"w":85,"h":133},
	"rotated": false,
	"trimmed": true,
	"spriteSourceSize": {"x":0,"y":2,"w":85,"h":133},
	"sourceSize": {"w":85,"h":135}
},
"ui_specialB3_21.png":
{
	"frame": {"x":282,"y":136,"w":85,"h":133},
	"rotated": false,
	"trimmed": true,
	"spriteSourceSize": {"x":0,"y":2,"w":85,"h":133},
	"sourceSize": {"w":85,"h":135}
},
"ui_specialB3_success.png":
{
	"frame": {"x":1,"y":1,"w":105,"h":155},
	"rotated": false,
	"trimmed": false,
	"spriteSourceSize": {"x":0,"y":0,"w":105,"h":155},
	"sourceSize": {"w":105,"h":155}
}},
"meta": {
	"app": "http://www.codeandweb.com/texturepacker",
	"version": "1.0",
	"image": "special2_3.png",
	"format": "RGBA8888",
	"size": {"w":977,"h":292},
	"scale": "1",
	"smartupdate": "$TexturePacker:SmartUpdate:862558a30f2ea7637e4704e078679441:a9b6e9204ad6deef1b6ed54d2d7a7046:bced0c18f08ba068c90eafcd96461f90$"
}
}
