{"frames": {

"ui_specialC3_1.png":
{
	"frame": {"x":108,"y":1,"w":85,"h":135},
	"rotated": false,
	"trimmed": false,
	"spriteSourceSize": {"x":0,"y":0,"w":85,"h":135},
	"sourceSize": {"w":85,"h":135}
},
"ui_specialC3_2.png":
{
	"frame": {"x":1,"y":158,"w":85,"h":135},
	"rotated": false,
	"trimmed": false,
	"spriteSourceSize": {"x":0,"y":0,"w":85,"h":135},
	"sourceSize": {"w":85,"h":135}
},
"ui_specialC3_3.png":
{
	"frame": {"x":369,"y":138,"w":85,"h":135},
	"rotated": false,
	"trimmed": false,
	"spriteSourceSize": {"x":0,"y":0,"w":85,"h":135},
	"sourceSize": {"w":85,"h":135}
},
"ui_specialC3_4.png":
{
	"frame": {"x":456,"y":138,"w":85,"h":135},
	"rotated": false,
	"trimmed": false,
	"spriteSourceSize": {"x":0,"y":0,"w":85,"h":135},
	"sourceSize": {"w":85,"h":135}
},
"ui_specialC3_5.png":
{
	"frame": {"x":543,"y":138,"w":85,"h":135},
	"rotated": false,
	"trimmed": false,
	"spriteSourceSize": {"x":0,"y":0,"w":85,"h":135},
	"sourceSize": {"w":85,"h":135}
},
"ui_specialC3_6.png":
{
	"frame": {"x":630,"y":138,"w":85,"h":135},
	"rotated": false,
	"trimmed": false,
	"spriteSourceSize": {"x":0,"y":0,"w":85,"h":135},
	"sourceSize": {"w":85,"h":135}
},
"ui_specialC3_7.png":
{
	"frame": {"x":717,"y":138,"w":85,"h":135},
	"rotated": false,
	"trimmed": false,
	"spriteSourceSize": {"x":0,"y":0,"w":85,"h":135},
	"sourceSize": {"w":85,"h":135}
},
"ui_specialC3_8.png":
{
	"frame": {"x":804,"y":138,"w":85,"h":135},
	"rotated": false,
	"trimmed": false,
	"spriteSourceSize": {"x":0,"y":0,"w":85,"h":135},
	"sourceSize": {"w":85,"h":135}
},
"ui_specialC3_9.png":
{
	"frame": {"x":891,"y":138,"w":85,"h":135},
	"rotated": false,
	"trimmed": false,
	"spriteSourceSize": {"x":0,"y":0,"w":85,"h":135},
	"sourceSize": {"w":85,"h":135}
},
"ui_specialC3_10.png":
{
	"frame": {"x":195,"y":1,"w":85,"h":135},
	"rotated": false,
	"trimmed": false,
	"spriteSourceSize": {"x":0,"y":0,"w":85,"h":135},
	"sourceSize": {"w":85,"h":135}
},
"ui_specialC3_11.png":
{
	"frame": {"x":282,"y":1,"w":85,"h":135},
	"rotated": false,
	"trimmed": false,
	"spriteSourceSize": {"x":0,"y":0,"w":85,"h":135},
	"sourceSize": {"w":85,"h":135}
},
"ui_specialC3_12.png":
{
	"frame": {"x":369,"y":1,"w":85,"h":135},
	"rotated": false,
	"trimmed": false,
	"spriteSourceSize": {"x":0,"y":0,"w":85,"h":135},
	"sourceSize": {"w":85,"h":135}
},
"ui_specialC3_13.png":
{
	"frame": {"x":456,"y":1,"w":85,"h":135},
	"rotated": false,
	"trimmed": false,
	"spriteSourceSize": {"x":0,"y":0,"w":85,"h":135},
	"sourceSize": {"w":85,"h":135}
},
"ui_specialC3_14.png":
{
	"frame": {"x":543,"y":1,"w":85,"h":135},
	"rotated": false,
	"trimmed": false,
	"spriteSourceSize": {"x":0,"y":0,"w":85,"h":135},
	"sourceSize": {"w":85,"h":135}
},
"ui_specialC3_15.png":
{
	"frame": {"x":630,"y":1,"w":85,"h":135},
	"rotated": false,
	"trimmed": false,
	"spriteSourceSize": {"x":0,"y":0,"w":85,"h":135},
	"sourceSize": {"w":85,"h":135}
},
"ui_specialC3_16.png":
{
	"frame": {"x":717,"y":1,"w":85,"h":135},
	"rotated": false,
	"trimmed": false,
	"spriteSourceSize": {"x":0,"y":0,"w":85,"h":135},
	"sourceSize": {"w":85,"h":135}
},
"ui_specialC3_17.png":
{
	"frame": {"x":804,"y":1,"w":85,"h":135},
	"rotated": false,
	"trimmed": false,
	"spriteSourceSize": {"x":0,"y":0,"w":85,"h":135},
	"sourceSize": {"w":85,"h":135}
},
"ui_specialC3_18.png":
{
	"frame": {"x":891,"y":1,"w":85,"h":135},
	"rotated": false,
	"trimmed": false,
	"spriteSourceSize": {"x":0,"y":0,"w":85,"h":135},
	"sourceSize": {"w":85,"h":135}
},
"ui_specialC3_19.png":
{
	"frame": {"x":108,"y":138,"w":85,"h":135},
	"rotated": false,
	"trimmed": false,
	"spriteSourceSize": {"x":0,"y":0,"w":85,"h":135},
	"sourceSize": {"w":85,"h":135}
},
"ui_specialC3_20.png":
{
	"frame": {"x":195,"y":138,"w":85,"h":135},
	"rotated": false,
	"trimmed": false,
	"spriteSourceSize": {"x":0,"y":0,"w":85,"h":135},
	"sourceSize": {"w":85,"h":135}
},
"ui_specialC3_21.png":
{
	"frame": {"x":282,"y":138,"w":85,"h":135},
	"rotated": false,
	"trimmed": false,
	"spriteSourceSize": {"x":0,"y":0,"w":85,"h":135},
	"sourceSize": {"w":85,"h":135}
},
"ui_specialC3_success.png":
{
	"frame": {"x":1,"y":1,"w":105,"h":155},
	"rotated": false,
	"trimmed": false,
	"spriteSourceSize": {"x":0,"y":0,"w":105,"h":155},
	"sourceSize": {"w":105,"h":155}
}},
"meta": {
	"app": "http://www.codeandweb.com/texturepacker",
	"version": "1.0",
	"image": "special3_3.png",
	"format": "RGBA8888",
	"size": {"w":977,"h":294},
	"scale": "1",
	"smartupdate": "$TexturePacker:SmartUpdate:b2d6c27a5a846e8f34fe066edbebcb4b:b4c425f69f45aeaef96f5935af0b2152:36960a83206c972843a7b014ff2883a1$"
}
}
