{"frames": {

"ui_specialB4_1.png":
{
	"frame": {"x":108,"y":1,"w":85,"h":133},
	"rotated": false,
	"trimmed": true,
	"spriteSourceSize": {"x":0,"y":2,"w":85,"h":133},
	"sourceSize": {"w":85,"h":135}
},
"ui_specialB4_2.png":
{
	"frame": {"x":1,"y":158,"w":85,"h":133},
	"rotated": false,
	"trimmed": true,
	"spriteSourceSize": {"x":0,"y":2,"w":85,"h":133},
	"sourceSize": {"w":85,"h":135}
},
"ui_specialB4_3.png":
{
	"frame": {"x":369,"y":136,"w":85,"h":133},
	"rotated": false,
	"trimmed": true,
	"spriteSourceSize": {"x":0,"y":2,"w":85,"h":133},
	"sourceSize": {"w":85,"h":135}
},
"ui_specialB4_4.png":
{
	"frame": {"x":456,"y":136,"w":85,"h":133},
	"rotated": false,
	"trimmed": true,
	"spriteSourceSize": {"x":0,"y":2,"w":85,"h":133},
	"sourceSize": {"w":85,"h":135}
},
"ui_specialB4_5.png":
{
	"frame": {"x":543,"y":136,"w":85,"h":133},
	"rotated": false,
	"trimmed": true,
	"spriteSourceSize": {"x":0,"y":2,"w":85,"h":133},
	"sourceSize": {"w":85,"h":135}
},
"ui_specialB4_6.png":
{
	"frame": {"x":630,"y":136,"w":85,"h":133},
	"rotated": false,
	"trimmed": true,
	"spriteSourceSize": {"x":0,"y":2,"w":85,"h":133},
	"sourceSize": {"w":85,"h":135}
},
"ui_specialB4_7.png":
{
	"frame": {"x":717,"y":136,"w":85,"h":133},
	"rotated": false,
	"trimmed": true,
	"spriteSourceSize": {"x":0,"y":2,"w":85,"h":133},
	"sourceSize": {"w":85,"h":135}
},
"ui_specialB4_8.png":
{
	"frame": {"x":804,"y":136,"w":85,"h":133},
	"rotated": false,
	"trimmed": true,
	"spriteSourceSize": {"x":0,"y":2,"w":85,"h":133},
	"sourceSize": {"w":85,"h":135}
},
"ui_specialB4_9.png":
{
	"frame": {"x":891,"y":136,"w":85,"h":133},
	"rotated": false,
	"trimmed": true,
	"spriteSourceSize": {"x":0,"y":2,"w":85,"h":133},
	"sourceSize": {"w":85,"h":135}
},
"ui_specialB4_10.png":
{
	"frame": {"x":195,"y":1,"w":85,"h":133},
	"rotated": false,
	"trimmed": true,
	"spriteSourceSize": {"x":0,"y":2,"w":85,"h":133},
	"sourceSize": {"w":85,"h":135}
},
"ui_specialB4_11.png":
{
	"frame": {"x":282,"y":1,"w":85,"h":133},
	"rotated": false,
	"trimmed": true,
	"spriteSourceSize": {"x":0,"y":2,"w":85,"h":133},
	"sourceSize": {"w":85,"h":135}
},
"ui_specialB4_12.png":
{
	"frame": {"x":369,"y":1,"w":85,"h":133},
	"rotated": false,
	"trimmed": true,
	"spriteSourceSize": {"x":0,"y":2,"w":85,"h":133},
	"sourceSize": {"w":85,"h":135}
},
"ui_specialB4_13.png":
{
	"frame": {"x":456,"y":1,"w":85,"h":133},
	"rotated": false,
	"trimmed": true,
	"spriteSourceSize": {"x":0,"y":2,"w":85,"h":133},
	"sourceSize": {"w":85,"h":135}
},
"ui_specialB4_14.png":
{
	"frame": {"x":543,"y":1,"w":85,"h":133},
	"rotated": false,
	"trimmed": true,
	"spriteSourceSize": {"x":0,"y":2,"w":85,"h":133},
	"sourceSize": {"w":85,"h":135}
},
"ui_specialB4_15.png":
{
	"frame": {"x":630,"y":1,"w":85,"h":133},
	"rotated": false,
	"trimmed": true,
	"spriteSourceSize": {"x":0,"y":2,"w":85,"h":133},
	"sourceSize": {"w":85,"h":135}
},
"ui_specialB4_16.png":
{
	"frame": {"x":717,"y":1,"w":85,"h":133},
	"rotated": false,
	"trimmed": true,
	"spriteSourceSize": {"x":0,"y":2,"w":85,"h":133},
	"sourceSize": {"w":85,"h":135}
},
"ui_specialB4_17.png":
{
	"frame": {"x":804,"y":1,"w":85,"h":133},
	"rotated": false,
	"trimmed": true,
	"spriteSourceSize": {"x":0,"y":2,"w":85,"h":133},
	"sourceSize": {"w":85,"h":135}
},
"ui_specialB4_18.png":
{
	"frame": {"x":891,"y":1,"w":85,"h":133},
	"rotated": false,
	"trimmed": true,
	"spriteSourceSize": {"x":0,"y":2,"w":85,"h":133},
	"sourceSize": {"w":85,"h":135}
},
"ui_specialB4_19.png":
{
	"frame": {"x":108,"y":136,"w":85,"h":133},
	"rotated": false,
	"trimmed": true,
	"spriteSourceSize": {"x":0,"y":2,"w":85,"h":133},
	"sourceSize": {"w":85,"h":135}
},
"ui_specialB4_20.png":
{
	"frame": {"x":195,"y":136,"w":85,"h":133},
	"rotated": false,
	"trimmed": true,
	"spriteSourceSize": {"x":0,"y":2,"w":85,"h":133},
	"sourceSize": {"w":85,"h":135}
},
"ui_specialB4_21.png":
{
	"frame": {"x":282,"y":136,"w":85,"h":133},
	"rotated": false,
	"trimmed": true,
	"spriteSourceSize": {"x":0,"y":2,"w":85,"h":133},
	"sourceSize": {"w":85,"h":135}
},
"ui_specialB4_success.png":
{
	"frame": {"x":1,"y":1,"w":105,"h":155},
	"rotated": false,
	"trimmed": false,
	"spriteSourceSize": {"x":0,"y":0,"w":105,"h":155},
	"sourceSize": {"w":105,"h":155}
}},
"meta": {
	"app": "http://www.codeandweb.com/texturepacker",
	"version": "1.0",
	"image": "special2_4.png",
	"format": "RGBA8888",
	"size": {"w":977,"h":292},
	"scale": "1",
	"smartupdate": "$TexturePacker:SmartUpdate:6ce015dcb03e44f5dfbd27edd02c51f7:df5d49e7061265153da667fa3e3623cf:8af9a911940f1e45ed9662033df6009c$"
}
}
