{"frames": {

"ui_specialB2_1.png":
{
	"frame": {"x":108,"y":1,"w":85,"h":133},
	"rotated": false,
	"trimmed": true,
	"spriteSourceSize": {"x":0,"y":2,"w":85,"h":133},
	"sourceSize": {"w":85,"h":135}
},
"ui_specialB2_2.png":
{
	"frame": {"x":1,"y":158,"w":85,"h":133},
	"rotated": false,
	"trimmed": true,
	"spriteSourceSize": {"x":0,"y":2,"w":85,"h":133},
	"sourceSize": {"w":85,"h":135}
},
"ui_specialB2_3.png":
{
	"frame": {"x":369,"y":136,"w":85,"h":133},
	"rotated": false,
	"trimmed": true,
	"spriteSourceSize": {"x":0,"y":2,"w":85,"h":133},
	"sourceSize": {"w":85,"h":135}
},
"ui_specialB2_4.png":
{
	"frame": {"x":456,"y":136,"w":85,"h":133},
	"rotated": false,
	"trimmed": true,
	"spriteSourceSize": {"x":0,"y":2,"w":85,"h":133},
	"sourceSize": {"w":85,"h":135}
},
"ui_specialB2_5.png":
{
	"frame": {"x":543,"y":136,"w":85,"h":133},
	"rotated": false,
	"trimmed": true,
	"spriteSourceSize": {"x":0,"y":2,"w":85,"h":133},
	"sourceSize": {"w":85,"h":135}
},
"ui_specialB2_6.png":
{
	"frame": {"x":630,"y":136,"w":85,"h":133},
	"rotated": false,
	"trimmed": true,
	"spriteSourceSize": {"x":0,"y":2,"w":85,"h":133},
	"sourceSize": {"w":85,"h":135}
},
"ui_specialB2_7.png":
{
	"frame": {"x":717,"y":136,"w":85,"h":133},
	"rotated": false,
	"trimmed": true,
	"spriteSourceSize": {"x":0,"y":2,"w":85,"h":133},
	"sourceSize": {"w":85,"h":135}
},
"ui_specialB2_8.png":
{
	"frame": {"x":804,"y":136,"w":85,"h":133},
	"rotated": false,
	"trimmed": true,
	"spriteSourceSize": {"x":0,"y":2,"w":85,"h":133},
	"sourceSize": {"w":85,"h":135}
},
"ui_specialB2_9.png":
{
	"frame": {"x":891,"y":136,"w":85,"h":133},
	"rotated": false,
	"trimmed": true,
	"spriteSourceSize": {"x":0,"y":2,"w":85,"h":133},
	"sourceSize": {"w":85,"h":135}
},
"ui_specialB2_10.png":
{
	"frame": {"x":195,"y":1,"w":85,"h":133},
	"rotated": false,
	"trimmed": true,
	"spriteSourceSize": {"x":0,"y":2,"w":85,"h":133},
	"sourceSize": {"w":85,"h":135}
},
"ui_specialB2_11.png":
{
	"frame": {"x":282,"y":1,"w":85,"h":133},
	"rotated": false,
	"trimmed": true,
	"spriteSourceSize": {"x":0,"y":2,"w":85,"h":133},
	"sourceSize": {"w":85,"h":135}
},
"ui_specialB2_12.png":
{
	"frame": {"x":369,"y":1,"w":85,"h":133},
	"rotated": false,
	"trimmed": true,
	"spriteSourceSize": {"x":0,"y":2,"w":85,"h":133},
	"sourceSize": {"w":85,"h":135}
},
"ui_specialB2_13.png":
{
	"frame": {"x":456,"y":1,"w":85,"h":133},
	"rotated": false,
	"trimmed": true,
	"spriteSourceSize": {"x":0,"y":2,"w":85,"h":133},
	"sourceSize": {"w":85,"h":135}
},
"ui_specialB2_14.png":
{
	"frame": {"x":543,"y":1,"w":85,"h":133},
	"rotated": false,
	"trimmed": true,
	"spriteSourceSize": {"x":0,"y":2,"w":85,"h":133},
	"sourceSize": {"w":85,"h":135}
},
"ui_specialB2_15.png":
{
	"frame": {"x":630,"y":1,"w":85,"h":133},
	"rotated": false,
	"trimmed": true,
	"spriteSourceSize": {"x":0,"y":2,"w":85,"h":133},
	"sourceSize": {"w":85,"h":135}
},
"ui_specialB2_16.png":
{
	"frame": {"x":717,"y":1,"w":85,"h":133},
	"rotated": false,
	"trimmed": true,
	"spriteSourceSize": {"x":0,"y":2,"w":85,"h":133},
	"sourceSize": {"w":85,"h":135}
},
"ui_specialB2_17.png":
{
	"frame": {"x":804,"y":1,"w":85,"h":133},
	"rotated": false,
	"trimmed": true,
	"spriteSourceSize": {"x":0,"y":2,"w":85,"h":133},
	"sourceSize": {"w":85,"h":135}
},
"ui_specialB2_18.png":
{
	"frame": {"x":891,"y":1,"w":85,"h":133},
	"rotated": false,
	"trimmed": true,
	"spriteSourceSize": {"x":0,"y":2,"w":85,"h":133},
	"sourceSize": {"w":85,"h":135}
},
"ui_specialB2_19.png":
{
	"frame": {"x":108,"y":136,"w":85,"h":133},
	"rotated": false,
	"trimmed": true,
	"spriteSourceSize": {"x":0,"y":2,"w":85,"h":133},
	"sourceSize": {"w":85,"h":135}
},
"ui_specialB2_20.png":
{
	"frame": {"x":195,"y":136,"w":85,"h":133},
	"rotated": false,
	"trimmed": true,
	"spriteSourceSize": {"x":0,"y":2,"w":85,"h":133},
	"sourceSize": {"w":85,"h":135}
},
"ui_specialB2_21.png":
{
	"frame": {"x":282,"y":136,"w":85,"h":133},
	"rotated": false,
	"trimmed": true,
	"spriteSourceSize": {"x":0,"y":2,"w":85,"h":133},
	"sourceSize": {"w":85,"h":135}
},
"ui_specialB2_success.png":
{
	"frame": {"x":1,"y":1,"w":105,"h":155},
	"rotated": false,
	"trimmed": false,
	"spriteSourceSize": {"x":0,"y":0,"w":105,"h":155},
	"sourceSize": {"w":105,"h":155}
}},
"meta": {
	"app": "http://www.codeandweb.com/texturepacker",
	"version": "1.0",
	"image": "special2_2.png",
	"format": "RGBA8888",
	"size": {"w":977,"h":292},
	"scale": "1",
	"smartupdate": "$TexturePacker:SmartUpdate:a651009d17ee097e3b9dbcdafd2c79e7:b6c30b30a8a43cf7b4d5eec302d4dc35:5be4afcd70f5d47ab0a4986333a56219$"
}
}
