{"frames": {

"ui_specialC1_1.png":
{
	"frame": {"x":108,"y":1,"w":85,"h":135},
	"rotated": false,
	"trimmed": false,
	"spriteSourceSize": {"x":0,"y":0,"w":85,"h":135},
	"sourceSize": {"w":85,"h":135}
},
"ui_specialC1_2.png":
{
	"frame": {"x":1,"y":158,"w":85,"h":135},
	"rotated": false,
	"trimmed": false,
	"spriteSourceSize": {"x":0,"y":0,"w":85,"h":135},
	"sourceSize": {"w":85,"h":135}
},
"ui_specialC1_3.png":
{
	"frame": {"x":369,"y":138,"w":85,"h":135},
	"rotated": false,
	"trimmed": false,
	"spriteSourceSize": {"x":0,"y":0,"w":85,"h":135},
	"sourceSize": {"w":85,"h":135}
},
"ui_specialC1_4.png":
{
	"frame": {"x":456,"y":138,"w":85,"h":135},
	"rotated": false,
	"trimmed": false,
	"spriteSourceSize": {"x":0,"y":0,"w":85,"h":135},
	"sourceSize": {"w":85,"h":135}
},
"ui_specialC1_5.png":
{
	"frame": {"x":543,"y":138,"w":85,"h":135},
	"rotated": false,
	"trimmed": false,
	"spriteSourceSize": {"x":0,"y":0,"w":85,"h":135},
	"sourceSize": {"w":85,"h":135}
},
"ui_specialC1_6.png":
{
	"frame": {"x":630,"y":138,"w":85,"h":135},
	"rotated": false,
	"trimmed": false,
	"spriteSourceSize": {"x":0,"y":0,"w":85,"h":135},
	"sourceSize": {"w":85,"h":135}
},
"ui_specialC1_7.png":
{
	"frame": {"x":717,"y":138,"w":85,"h":135},
	"rotated": false,
	"trimmed": false,
	"spriteSourceSize": {"x":0,"y":0,"w":85,"h":135},
	"sourceSize": {"w":85,"h":135}
},
"ui_specialC1_8.png":
{
	"frame": {"x":804,"y":138,"w":85,"h":135},
	"rotated": false,
	"trimmed": false,
	"spriteSourceSize": {"x":0,"y":0,"w":85,"h":135},
	"sourceSize": {"w":85,"h":135}
},
"ui_specialC1_9.png":
{
	"frame": {"x":891,"y":138,"w":85,"h":135},
	"rotated": false,
	"trimmed": false,
	"spriteSourceSize": {"x":0,"y":0,"w":85,"h":135},
	"sourceSize": {"w":85,"h":135}
},
"ui_specialC1_10.png":
{
	"frame": {"x":195,"y":1,"w":85,"h":135},
	"rotated": false,
	"trimmed": false,
	"spriteSourceSize": {"x":0,"y":0,"w":85,"h":135},
	"sourceSize": {"w":85,"h":135}
},
"ui_specialC1_11.png":
{
	"frame": {"x":282,"y":1,"w":85,"h":135},
	"rotated": false,
	"trimmed": false,
	"spriteSourceSize": {"x":0,"y":0,"w":85,"h":135},
	"sourceSize": {"w":85,"h":135}
},
"ui_specialC1_12.png":
{
	"frame": {"x":369,"y":1,"w":85,"h":135},
	"rotated": false,
	"trimmed": false,
	"spriteSourceSize": {"x":0,"y":0,"w":85,"h":135},
	"sourceSize": {"w":85,"h":135}
},
"ui_specialC1_13.png":
{
	"frame": {"x":456,"y":1,"w":85,"h":135},
	"rotated": false,
	"trimmed": false,
	"spriteSourceSize": {"x":0,"y":0,"w":85,"h":135},
	"sourceSize": {"w":85,"h":135}
},
"ui_specialC1_14.png":
{
	"frame": {"x":543,"y":1,"w":85,"h":135},
	"rotated": false,
	"trimmed": false,
	"spriteSourceSize": {"x":0,"y":0,"w":85,"h":135},
	"sourceSize": {"w":85,"h":135}
},
"ui_specialC1_15.png":
{
	"frame": {"x":630,"y":1,"w":85,"h":135},
	"rotated": false,
	"trimmed": false,
	"spriteSourceSize": {"x":0,"y":0,"w":85,"h":135},
	"sourceSize": {"w":85,"h":135}
},
"ui_specialC1_16.png":
{
	"frame": {"x":717,"y":1,"w":85,"h":135},
	"rotated": false,
	"trimmed": false,
	"spriteSourceSize": {"x":0,"y":0,"w":85,"h":135},
	"sourceSize": {"w":85,"h":135}
},
"ui_specialC1_17.png":
{
	"frame": {"x":804,"y":1,"w":85,"h":135},
	"rotated": false,
	"trimmed": false,
	"spriteSourceSize": {"x":0,"y":0,"w":85,"h":135},
	"sourceSize": {"w":85,"h":135}
},
"ui_specialC1_18.png":
{
	"frame": {"x":891,"y":1,"w":85,"h":135},
	"rotated": false,
	"trimmed": false,
	"spriteSourceSize": {"x":0,"y":0,"w":85,"h":135},
	"sourceSize": {"w":85,"h":135}
},
"ui_specialC1_19.png":
{
	"frame": {"x":108,"y":138,"w":85,"h":135},
	"rotated": false,
	"trimmed": false,
	"spriteSourceSize": {"x":0,"y":0,"w":85,"h":135},
	"sourceSize": {"w":85,"h":135}
},
"ui_specialC1_20.png":
{
	"frame": {"x":195,"y":138,"w":85,"h":135},
	"rotated": false,
	"trimmed": false,
	"spriteSourceSize": {"x":0,"y":0,"w":85,"h":135},
	"sourceSize": {"w":85,"h":135}
},
"ui_specialC1_21.png":
{
	"frame": {"x":282,"y":138,"w":85,"h":135},
	"rotated": false,
	"trimmed": false,
	"spriteSourceSize": {"x":0,"y":0,"w":85,"h":135},
	"sourceSize": {"w":85,"h":135}
},
"ui_specialC1_success.png":
{
	"frame": {"x":1,"y":1,"w":105,"h":155},
	"rotated": false,
	"trimmed": false,
	"spriteSourceSize": {"x":0,"y":0,"w":105,"h":155},
	"sourceSize": {"w":105,"h":155}
}},
"meta": {
	"app": "http://www.codeandweb.com/texturepacker",
	"version": "1.0",
	"image": "special3_1.png",
	"format": "RGBA8888",
	"size": {"w":977,"h":294},
	"scale": "1",
	"smartupdate": "$TexturePacker:SmartUpdate:a5e8c287178c3086c8c280fd99128aca:fc2296c5cfbbe98cb166bea724757327:a808a761a98f4e014d5de0f04eed9c76$"
}
}
