{"frames": {

"ui_specialA1_1.png":
{
	"frame": {"x":108,"y":1,"w":85,"h":134},
	"rotated": false,
	"trimmed": true,
	"spriteSourceSize": {"x":0,"y":1,"w":85,"h":134},
	"sourceSize": {"w":85,"h":135}
},
"ui_specialA1_2.png":
{
	"frame": {"x":1,"y":158,"w":85,"h":134},
	"rotated": false,
	"trimmed": true,
	"spriteSourceSize": {"x":0,"y":1,"w":85,"h":134},
	"sourceSize": {"w":85,"h":135}
},
"ui_specialA1_3.png":
{
	"frame": {"x":369,"y":137,"w":85,"h":134},
	"rotated": false,
	"trimmed": true,
	"spriteSourceSize": {"x":0,"y":1,"w":85,"h":134},
	"sourceSize": {"w":85,"h":135}
},
"ui_specialA1_4.png":
{
	"frame": {"x":456,"y":137,"w":85,"h":134},
	"rotated": false,
	"trimmed": true,
	"spriteSourceSize": {"x":0,"y":1,"w":85,"h":134},
	"sourceSize": {"w":85,"h":135}
},
"ui_specialA1_5.png":
{
	"frame": {"x":543,"y":137,"w":85,"h":134},
	"rotated": false,
	"trimmed": true,
	"spriteSourceSize": {"x":0,"y":1,"w":85,"h":134},
	"sourceSize": {"w":85,"h":135}
},
"ui_specialA1_6.png":
{
	"frame": {"x":630,"y":137,"w":85,"h":134},
	"rotated": false,
	"trimmed": true,
	"spriteSourceSize": {"x":0,"y":1,"w":85,"h":134},
	"sourceSize": {"w":85,"h":135}
},
"ui_specialA1_7.png":
{
	"frame": {"x":717,"y":137,"w":85,"h":134},
	"rotated": false,
	"trimmed": true,
	"spriteSourceSize": {"x":0,"y":1,"w":85,"h":134},
	"sourceSize": {"w":85,"h":135}
},
"ui_specialA1_8.png":
{
	"frame": {"x":804,"y":137,"w":85,"h":134},
	"rotated": false,
	"trimmed": true,
	"spriteSourceSize": {"x":0,"y":1,"w":85,"h":134},
	"sourceSize": {"w":85,"h":135}
},
"ui_specialA1_9.png":
{
	"frame": {"x":891,"y":137,"w":85,"h":134},
	"rotated": false,
	"trimmed": true,
	"spriteSourceSize": {"x":0,"y":1,"w":85,"h":134},
	"sourceSize": {"w":85,"h":135}
},
"ui_specialA1_10.png":
{
	"frame": {"x":195,"y":1,"w":85,"h":134},
	"rotated": false,
	"trimmed": true,
	"spriteSourceSize": {"x":0,"y":1,"w":85,"h":134},
	"sourceSize": {"w":85,"h":135}
},
"ui_specialA1_11.png":
{
	"frame": {"x":282,"y":1,"w":85,"h":134},
	"rotated": false,
	"trimmed": true,
	"spriteSourceSize": {"x":0,"y":1,"w":85,"h":134},
	"sourceSize": {"w":85,"h":135}
},
"ui_specialA1_12.png":
{
	"frame": {"x":369,"y":1,"w":85,"h":134},
	"rotated": false,
	"trimmed": true,
	"spriteSourceSize": {"x":0,"y":1,"w":85,"h":134},
	"sourceSize": {"w":85,"h":135}
},
"ui_specialA1_13.png":
{
	"frame": {"x":456,"y":1,"w":85,"h":134},
	"rotated": false,
	"trimmed": true,
	"spriteSourceSize": {"x":0,"y":1,"w":85,"h":134},
	"sourceSize": {"w":85,"h":135}
},
"ui_specialA1_14.png":
{
	"frame": {"x":543,"y":1,"w":85,"h":134},
	"rotated": false,
	"trimmed": true,
	"spriteSourceSize": {"x":0,"y":1,"w":85,"h":134},
	"sourceSize": {"w":85,"h":135}
},
"ui_specialA1_15.png":
{
	"frame": {"x":630,"y":1,"w":85,"h":134},
	"rotated": false,
	"trimmed": true,
	"spriteSourceSize": {"x":0,"y":1,"w":85,"h":134},
	"sourceSize": {"w":85,"h":135}
},
"ui_specialA1_16.png":
{
	"frame": {"x":717,"y":1,"w":85,"h":134},
	"rotated": false,
	"trimmed": true,
	"spriteSourceSize": {"x":0,"y":1,"w":85,"h":134},
	"sourceSize": {"w":85,"h":135}
},
"ui_specialA1_17.png":
{
	"frame": {"x":804,"y":1,"w":85,"h":134},
	"rotated": false,
	"trimmed": true,
	"spriteSourceSize": {"x":0,"y":1,"w":85,"h":134},
	"sourceSize": {"w":85,"h":135}
},
"ui_specialA1_18.png":
{
	"frame": {"x":891,"y":1,"w":85,"h":134},
	"rotated": false,
	"trimmed": true,
	"spriteSourceSize": {"x":0,"y":1,"w":85,"h":134},
	"sourceSize": {"w":85,"h":135}
},
"ui_specialA1_19.png":
{
	"frame": {"x":108,"y":137,"w":85,"h":134},
	"rotated": false,
	"trimmed": true,
	"spriteSourceSize": {"x":0,"y":1,"w":85,"h":134},
	"sourceSize": {"w":85,"h":135}
},
"ui_specialA1_20.png":
{
	"frame": {"x":195,"y":137,"w":85,"h":134},
	"rotated": false,
	"trimmed": true,
	"spriteSourceSize": {"x":0,"y":1,"w":85,"h":134},
	"sourceSize": {"w":85,"h":135}
},
"ui_specialA1_21.png":
{
	"frame": {"x":282,"y":137,"w":85,"h":134},
	"rotated": false,
	"trimmed": true,
	"spriteSourceSize": {"x":0,"y":1,"w":85,"h":134},
	"sourceSize": {"w":85,"h":135}
},
"ui_specialA1_success.png":
{
	"frame": {"x":1,"y":1,"w":105,"h":155},
	"rotated": false,
	"trimmed": false,
	"spriteSourceSize": {"x":0,"y":0,"w":105,"h":155},
	"sourceSize": {"w":105,"h":155}
}},
"meta": {
	"app": "http://www.codeandweb.com/texturepacker",
	"version": "1.0",
	"image": "special1_1.png",
	"format": "RGBA8888",
	"size": {"w":977,"h":293},
	"scale": "1",
	"smartupdate": "$TexturePacker:SmartUpdate:7122d73b04003292adf0f2ffda68f3d2:cd2dc35086e81073bffbb38877e43a08:695d17e125226d7eeeec9380f51548b8$"
}
}
