{"frames": {

"ui_specialC5_1.png":
{
	"frame": {"x":108,"y":1,"w":85,"h":135},
	"rotated": false,
	"trimmed": false,
	"spriteSourceSize": {"x":0,"y":0,"w":85,"h":135},
	"sourceSize": {"w":85,"h":135}
},
"ui_specialC5_2.png":
{
	"frame": {"x":1,"y":158,"w":85,"h":135},
	"rotated": false,
	"trimmed": false,
	"spriteSourceSize": {"x":0,"y":0,"w":85,"h":135},
	"sourceSize": {"w":85,"h":135}
},
"ui_specialC5_3.png":
{
	"frame": {"x":369,"y":138,"w":85,"h":135},
	"rotated": false,
	"trimmed": false,
	"spriteSourceSize": {"x":0,"y":0,"w":85,"h":135},
	"sourceSize": {"w":85,"h":135}
},
"ui_specialC5_4.png":
{
	"frame": {"x":456,"y":138,"w":85,"h":135},
	"rotated": false,
	"trimmed": false,
	"spriteSourceSize": {"x":0,"y":0,"w":85,"h":135},
	"sourceSize": {"w":85,"h":135}
},
"ui_specialC5_5.png":
{
	"frame": {"x":543,"y":138,"w":85,"h":135},
	"rotated": false,
	"trimmed": false,
	"spriteSourceSize": {"x":0,"y":0,"w":85,"h":135},
	"sourceSize": {"w":85,"h":135}
},
"ui_specialC5_6.png":
{
	"frame": {"x":630,"y":138,"w":85,"h":135},
	"rotated": false,
	"trimmed": false,
	"spriteSourceSize": {"x":0,"y":0,"w":85,"h":135},
	"sourceSize": {"w":85,"h":135}
},
"ui_specialC5_7.png":
{
	"frame": {"x":717,"y":138,"w":85,"h":135},
	"rotated": false,
	"trimmed": false,
	"spriteSourceSize": {"x":0,"y":0,"w":85,"h":135},
	"sourceSize": {"w":85,"h":135}
},
"ui_specialC5_8.png":
{
	"frame": {"x":804,"y":138,"w":85,"h":135},
	"rotated": false,
	"trimmed": false,
	"spriteSourceSize": {"x":0,"y":0,"w":85,"h":135},
	"sourceSize": {"w":85,"h":135}
},
"ui_specialC5_9.png":
{
	"frame": {"x":891,"y":138,"w":85,"h":135},
	"rotated": false,
	"trimmed": false,
	"spriteSourceSize": {"x":0,"y":0,"w":85,"h":135},
	"sourceSize": {"w":85,"h":135}
},
"ui_specialC5_10.png":
{
	"frame": {"x":195,"y":1,"w":85,"h":135},
	"rotated": false,
	"trimmed": false,
	"spriteSourceSize": {"x":0,"y":0,"w":85,"h":135},
	"sourceSize": {"w":85,"h":135}
},
"ui_specialC5_11.png":
{
	"frame": {"x":282,"y":1,"w":85,"h":135},
	"rotated": false,
	"trimmed": false,
	"spriteSourceSize": {"x":0,"y":0,"w":85,"h":135},
	"sourceSize": {"w":85,"h":135}
},
"ui_specialC5_12.png":
{
	"frame": {"x":369,"y":1,"w":85,"h":135},
	"rotated": false,
	"trimmed": false,
	"spriteSourceSize": {"x":0,"y":0,"w":85,"h":135},
	"sourceSize": {"w":85,"h":135}
},
"ui_specialC5_13.png":
{
	"frame": {"x":456,"y":1,"w":85,"h":135},
	"rotated": false,
	"trimmed": false,
	"spriteSourceSize": {"x":0,"y":0,"w":85,"h":135},
	"sourceSize": {"w":85,"h":135}
},
"ui_specialC5_14.png":
{
	"frame": {"x":543,"y":1,"w":85,"h":135},
	"rotated": false,
	"trimmed": false,
	"spriteSourceSize": {"x":0,"y":0,"w":85,"h":135},
	"sourceSize": {"w":85,"h":135}
},
"ui_specialC5_15.png":
{
	"frame": {"x":630,"y":1,"w":85,"h":135},
	"rotated": false,
	"trimmed": false,
	"spriteSourceSize": {"x":0,"y":0,"w":85,"h":135},
	"sourceSize": {"w":85,"h":135}
},
"ui_specialC5_16.png":
{
	"frame": {"x":717,"y":1,"w":85,"h":135},
	"rotated": false,
	"trimmed": false,
	"spriteSourceSize": {"x":0,"y":0,"w":85,"h":135},
	"sourceSize": {"w":85,"h":135}
},
"ui_specialC5_17.png":
{
	"frame": {"x":804,"y":1,"w":85,"h":135},
	"rotated": false,
	"trimmed": false,
	"spriteSourceSize": {"x":0,"y":0,"w":85,"h":135},
	"sourceSize": {"w":85,"h":135}
},
"ui_specialC5_18.png":
{
	"frame": {"x":891,"y":1,"w":85,"h":135},
	"rotated": false,
	"trimmed": false,
	"spriteSourceSize": {"x":0,"y":0,"w":85,"h":135},
	"sourceSize": {"w":85,"h":135}
},
"ui_specialC5_19.png":
{
	"frame": {"x":108,"y":138,"w":85,"h":135},
	"rotated": false,
	"trimmed": false,
	"spriteSourceSize": {"x":0,"y":0,"w":85,"h":135},
	"sourceSize": {"w":85,"h":135}
},
"ui_specialC5_20.png":
{
	"frame": {"x":195,"y":138,"w":85,"h":135},
	"rotated": false,
	"trimmed": false,
	"spriteSourceSize": {"x":0,"y":0,"w":85,"h":135},
	"sourceSize": {"w":85,"h":135}
},
"ui_specialC5_21.png":
{
	"frame": {"x":282,"y":138,"w":85,"h":135},
	"rotated": false,
	"trimmed": false,
	"spriteSourceSize": {"x":0,"y":0,"w":85,"h":135},
	"sourceSize": {"w":85,"h":135}
},
"ui_specialC5_success.png":
{
	"frame": {"x":1,"y":1,"w":105,"h":155},
	"rotated": false,
	"trimmed": false,
	"spriteSourceSize": {"x":0,"y":0,"w":105,"h":155},
	"sourceSize": {"w":105,"h":155}
}},
"meta": {
	"app": "http://www.codeandweb.com/texturepacker",
	"version": "1.0",
	"image": "special3_5.png",
	"format": "RGBA8888",
	"size": {"w":977,"h":294},
	"scale": "1",
	"smartupdate": "$TexturePacker:SmartUpdate:86f1a08b2f57ab99a091f195462519c1:c3eab66a0b42fc2eece917805ed4ec43:eff4c5bd787bba48e71667044d3ed12d$"
}
}
