{"frames": {

"ui_specialA4_1.png":
{
	"frame": {"x":108,"y":1,"w":85,"h":134},
	"rotated": false,
	"trimmed": true,
	"spriteSourceSize": {"x":0,"y":1,"w":85,"h":134},
	"sourceSize": {"w":85,"h":135}
},
"ui_specialA4_2.png":
{
	"frame": {"x":1,"y":158,"w":85,"h":134},
	"rotated": false,
	"trimmed": true,
	"spriteSourceSize": {"x":0,"y":1,"w":85,"h":134},
	"sourceSize": {"w":85,"h":135}
},
"ui_specialA4_3.png":
{
	"frame": {"x":369,"y":137,"w":85,"h":134},
	"rotated": false,
	"trimmed": true,
	"spriteSourceSize": {"x":0,"y":1,"w":85,"h":134},
	"sourceSize": {"w":85,"h":135}
},
"ui_specialA4_4.png":
{
	"frame": {"x":456,"y":137,"w":85,"h":134},
	"rotated": false,
	"trimmed": true,
	"spriteSourceSize": {"x":0,"y":1,"w":85,"h":134},
	"sourceSize": {"w":85,"h":135}
},
"ui_specialA4_5.png":
{
	"frame": {"x":543,"y":137,"w":85,"h":134},
	"rotated": false,
	"trimmed": true,
	"spriteSourceSize": {"x":0,"y":1,"w":85,"h":134},
	"sourceSize": {"w":85,"h":135}
},
"ui_specialA4_6.png":
{
	"frame": {"x":630,"y":137,"w":85,"h":134},
	"rotated": false,
	"trimmed": true,
	"spriteSourceSize": {"x":0,"y":1,"w":85,"h":134},
	"sourceSize": {"w":85,"h":135}
},
"ui_specialA4_7.png":
{
	"frame": {"x":717,"y":137,"w":85,"h":134},
	"rotated": false,
	"trimmed": true,
	"spriteSourceSize": {"x":0,"y":1,"w":85,"h":134},
	"sourceSize": {"w":85,"h":135}
},
"ui_specialA4_8.png":
{
	"frame": {"x":804,"y":137,"w":85,"h":134},
	"rotated": false,
	"trimmed": true,
	"spriteSourceSize": {"x":0,"y":1,"w":85,"h":134},
	"sourceSize": {"w":85,"h":135}
},
"ui_specialA4_9.png":
{
	"frame": {"x":891,"y":137,"w":85,"h":134},
	"rotated": false,
	"trimmed": true,
	"spriteSourceSize": {"x":0,"y":1,"w":85,"h":134},
	"sourceSize": {"w":85,"h":135}
},
"ui_specialA4_10.png":
{
	"frame": {"x":195,"y":1,"w":85,"h":134},
	"rotated": false,
	"trimmed": true,
	"spriteSourceSize": {"x":0,"y":1,"w":85,"h":134},
	"sourceSize": {"w":85,"h":135}
},
"ui_specialA4_11.png":
{
	"frame": {"x":282,"y":1,"w":85,"h":134},
	"rotated": false,
	"trimmed": true,
	"spriteSourceSize": {"x":0,"y":1,"w":85,"h":134},
	"sourceSize": {"w":85,"h":135}
},
"ui_specialA4_12.png":
{
	"frame": {"x":369,"y":1,"w":85,"h":134},
	"rotated": false,
	"trimmed": true,
	"spriteSourceSize": {"x":0,"y":1,"w":85,"h":134},
	"sourceSize": {"w":85,"h":135}
},
"ui_specialA4_13.png":
{
	"frame": {"x":456,"y":1,"w":85,"h":134},
	"rotated": false,
	"trimmed": true,
	"spriteSourceSize": {"x":0,"y":1,"w":85,"h":134},
	"sourceSize": {"w":85,"h":135}
},
"ui_specialA4_14.png":
{
	"frame": {"x":543,"y":1,"w":85,"h":134},
	"rotated": false,
	"trimmed": true,
	"spriteSourceSize": {"x":0,"y":1,"w":85,"h":134},
	"sourceSize": {"w":85,"h":135}
},
"ui_specialA4_15.png":
{
	"frame": {"x":630,"y":1,"w":85,"h":134},
	"rotated": false,
	"trimmed": true,
	"spriteSourceSize": {"x":0,"y":1,"w":85,"h":134},
	"sourceSize": {"w":85,"h":135}
},
"ui_specialA4_16.png":
{
	"frame": {"x":717,"y":1,"w":85,"h":134},
	"rotated": false,
	"trimmed": true,
	"spriteSourceSize": {"x":0,"y":1,"w":85,"h":134},
	"sourceSize": {"w":85,"h":135}
},
"ui_specialA4_17.png":
{
	"frame": {"x":804,"y":1,"w":85,"h":134},
	"rotated": false,
	"trimmed": true,
	"spriteSourceSize": {"x":0,"y":1,"w":85,"h":134},
	"sourceSize": {"w":85,"h":135}
},
"ui_specialA4_18.png":
{
	"frame": {"x":891,"y":1,"w":85,"h":134},
	"rotated": false,
	"trimmed": true,
	"spriteSourceSize": {"x":0,"y":1,"w":85,"h":134},
	"sourceSize": {"w":85,"h":135}
},
"ui_specialA4_19.png":
{
	"frame": {"x":108,"y":137,"w":85,"h":134},
	"rotated": false,
	"trimmed": true,
	"spriteSourceSize": {"x":0,"y":1,"w":85,"h":134},
	"sourceSize": {"w":85,"h":135}
},
"ui_specialA4_20.png":
{
	"frame": {"x":195,"y":137,"w":85,"h":134},
	"rotated": false,
	"trimmed": true,
	"spriteSourceSize": {"x":0,"y":1,"w":85,"h":134},
	"sourceSize": {"w":85,"h":135}
},
"ui_specialA4_21.png":
{
	"frame": {"x":282,"y":137,"w":85,"h":134},
	"rotated": false,
	"trimmed": true,
	"spriteSourceSize": {"x":0,"y":1,"w":85,"h":134},
	"sourceSize": {"w":85,"h":135}
},
"ui_specialA4_success.png":
{
	"frame": {"x":1,"y":1,"w":105,"h":155},
	"rotated": false,
	"trimmed": false,
	"spriteSourceSize": {"x":0,"y":0,"w":105,"h":155},
	"sourceSize": {"w":105,"h":155}
}},
"meta": {
	"app": "http://www.codeandweb.com/texturepacker",
	"version": "1.0",
	"image": "special1_4.png",
	"format": "RGBA8888",
	"size": {"w":977,"h":293},
	"scale": "1",
	"smartupdate": "$TexturePacker:SmartUpdate:42fc5ff5a791b97abaed77dc299d60a8:0d7be8db6b070e17438f2eb83ac455f7:1a8115d1eccb8a67b83640b631229555$"
}
}
