{"frames": {

"ui_specialA5_1.png":
{
	"frame": {"x":108,"y":1,"w":85,"h":134},
	"rotated": false,
	"trimmed": true,
	"spriteSourceSize": {"x":0,"y":1,"w":85,"h":134},
	"sourceSize": {"w":85,"h":135}
},
"ui_specialA5_2.png":
{
	"frame": {"x":1,"y":158,"w":85,"h":134},
	"rotated": false,
	"trimmed": true,
	"spriteSourceSize": {"x":0,"y":1,"w":85,"h":134},
	"sourceSize": {"w":85,"h":135}
},
"ui_specialA5_3.png":
{
	"frame": {"x":369,"y":137,"w":85,"h":134},
	"rotated": false,
	"trimmed": true,
	"spriteSourceSize": {"x":0,"y":1,"w":85,"h":134},
	"sourceSize": {"w":85,"h":135}
},
"ui_specialA5_4.png":
{
	"frame": {"x":456,"y":137,"w":85,"h":134},
	"rotated": false,
	"trimmed": true,
	"spriteSourceSize": {"x":0,"y":1,"w":85,"h":134},
	"sourceSize": {"w":85,"h":135}
},
"ui_specialA5_5.png":
{
	"frame": {"x":543,"y":137,"w":85,"h":134},
	"rotated": false,
	"trimmed": true,
	"spriteSourceSize": {"x":0,"y":1,"w":85,"h":134},
	"sourceSize": {"w":85,"h":135}
},
"ui_specialA5_6.png":
{
	"frame": {"x":630,"y":137,"w":85,"h":134},
	"rotated": false,
	"trimmed": true,
	"spriteSourceSize": {"x":0,"y":1,"w":85,"h":134},
	"sourceSize": {"w":85,"h":135}
},
"ui_specialA5_7.png":
{
	"frame": {"x":717,"y":137,"w":85,"h":134},
	"rotated": false,
	"trimmed": true,
	"spriteSourceSize": {"x":0,"y":1,"w":85,"h":134},
	"sourceSize": {"w":85,"h":135}
},
"ui_specialA5_8.png":
{
	"frame": {"x":804,"y":137,"w":85,"h":134},
	"rotated": false,
	"trimmed": true,
	"spriteSourceSize": {"x":0,"y":1,"w":85,"h":134},
	"sourceSize": {"w":85,"h":135}
},
"ui_specialA5_9.png":
{
	"frame": {"x":891,"y":137,"w":85,"h":134},
	"rotated": false,
	"trimmed": true,
	"spriteSourceSize": {"x":0,"y":1,"w":85,"h":134},
	"sourceSize": {"w":85,"h":135}
},
"ui_specialA5_10.png":
{
	"frame": {"x":195,"y":1,"w":85,"h":134},
	"rotated": false,
	"trimmed": true,
	"spriteSourceSize": {"x":0,"y":1,"w":85,"h":134},
	"sourceSize": {"w":85,"h":135}
},
"ui_specialA5_11.png":
{
	"frame": {"x":282,"y":1,"w":85,"h":134},
	"rotated": false,
	"trimmed": true,
	"spriteSourceSize": {"x":0,"y":1,"w":85,"h":134},
	"sourceSize": {"w":85,"h":135}
},
"ui_specialA5_12.png":
{
	"frame": {"x":369,"y":1,"w":85,"h":134},
	"rotated": false,
	"trimmed": true,
	"spriteSourceSize": {"x":0,"y":1,"w":85,"h":134},
	"sourceSize": {"w":85,"h":135}
},
"ui_specialA5_13.png":
{
	"frame": {"x":456,"y":1,"w":85,"h":134},
	"rotated": false,
	"trimmed": true,
	"spriteSourceSize": {"x":0,"y":1,"w":85,"h":134},
	"sourceSize": {"w":85,"h":135}
},
"ui_specialA5_14.png":
{
	"frame": {"x":543,"y":1,"w":85,"h":134},
	"rotated": false,
	"trimmed": true,
	"spriteSourceSize": {"x":0,"y":1,"w":85,"h":134},
	"sourceSize": {"w":85,"h":135}
},
"ui_specialA5_15.png":
{
	"frame": {"x":630,"y":1,"w":85,"h":134},
	"rotated": false,
	"trimmed": true,
	"spriteSourceSize": {"x":0,"y":1,"w":85,"h":134},
	"sourceSize": {"w":85,"h":135}
},
"ui_specialA5_16.png":
{
	"frame": {"x":717,"y":1,"w":85,"h":134},
	"rotated": false,
	"trimmed": true,
	"spriteSourceSize": {"x":0,"y":1,"w":85,"h":134},
	"sourceSize": {"w":85,"h":135}
},
"ui_specialA5_17.png":
{
	"frame": {"x":804,"y":1,"w":85,"h":134},
	"rotated": false,
	"trimmed": true,
	"spriteSourceSize": {"x":0,"y":1,"w":85,"h":134},
	"sourceSize": {"w":85,"h":135}
},
"ui_specialA5_18.png":
{
	"frame": {"x":891,"y":1,"w":85,"h":134},
	"rotated": false,
	"trimmed": true,
	"spriteSourceSize": {"x":0,"y":1,"w":85,"h":134},
	"sourceSize": {"w":85,"h":135}
},
"ui_specialA5_19.png":
{
	"frame": {"x":108,"y":137,"w":85,"h":134},
	"rotated": false,
	"trimmed": true,
	"spriteSourceSize": {"x":0,"y":1,"w":85,"h":134},
	"sourceSize": {"w":85,"h":135}
},
"ui_specialA5_20.png":
{
	"frame": {"x":195,"y":137,"w":85,"h":134},
	"rotated": false,
	"trimmed": true,
	"spriteSourceSize": {"x":0,"y":1,"w":85,"h":134},
	"sourceSize": {"w":85,"h":135}
},
"ui_specialA5_21.png":
{
	"frame": {"x":282,"y":137,"w":85,"h":134},
	"rotated": false,
	"trimmed": true,
	"spriteSourceSize": {"x":0,"y":1,"w":85,"h":134},
	"sourceSize": {"w":85,"h":135}
},
"ui_specialA5_success.png":
{
	"frame": {"x":1,"y":1,"w":105,"h":155},
	"rotated": false,
	"trimmed": false,
	"spriteSourceSize": {"x":0,"y":0,"w":105,"h":155},
	"sourceSize": {"w":105,"h":155}
}},
"meta": {
	"app": "http://www.codeandweb.com/texturepacker",
	"version": "1.0",
	"image": "special1_5.png",
	"format": "RGBA8888",
	"size": {"w":977,"h":293},
	"scale": "1",
	"smartupdate": "$TexturePacker:SmartUpdate:abec5979875ef888e926be174ff9c340:53e33f0a24266470512d585a43af8648:461e457854d182eaa2d473160c07d2ea$"
}
}
