{"frames": {

"ui_specialA2_1.png":
{
	"frame": {"x":108,"y":1,"w":85,"h":134},
	"rotated": false,
	"trimmed": true,
	"spriteSourceSize": {"x":0,"y":1,"w":85,"h":134},
	"sourceSize": {"w":85,"h":135}
},
"ui_specialA2_2.png":
{
	"frame": {"x":1,"y":158,"w":85,"h":134},
	"rotated": false,
	"trimmed": true,
	"spriteSourceSize": {"x":0,"y":1,"w":85,"h":134},
	"sourceSize": {"w":85,"h":135}
},
"ui_specialA2_3.png":
{
	"frame": {"x":369,"y":137,"w":85,"h":134},
	"rotated": false,
	"trimmed": true,
	"spriteSourceSize": {"x":0,"y":1,"w":85,"h":134},
	"sourceSize": {"w":85,"h":135}
},
"ui_specialA2_4.png":
{
	"frame": {"x":456,"y":137,"w":85,"h":134},
	"rotated": false,
	"trimmed": true,
	"spriteSourceSize": {"x":0,"y":1,"w":85,"h":134},
	"sourceSize": {"w":85,"h":135}
},
"ui_specialA2_5.png":
{
	"frame": {"x":543,"y":137,"w":85,"h":134},
	"rotated": false,
	"trimmed": true,
	"spriteSourceSize": {"x":0,"y":1,"w":85,"h":134},
	"sourceSize": {"w":85,"h":135}
},
"ui_specialA2_6.png":
{
	"frame": {"x":630,"y":137,"w":85,"h":134},
	"rotated": false,
	"trimmed": true,
	"spriteSourceSize": {"x":0,"y":1,"w":85,"h":134},
	"sourceSize": {"w":85,"h":135}
},
"ui_specialA2_7.png":
{
	"frame": {"x":717,"y":137,"w":85,"h":134},
	"rotated": false,
	"trimmed": true,
	"spriteSourceSize": {"x":0,"y":1,"w":85,"h":134},
	"sourceSize": {"w":85,"h":135}
},
"ui_specialA2_8.png":
{
	"frame": {"x":804,"y":137,"w":85,"h":134},
	"rotated": false,
	"trimmed": true,
	"spriteSourceSize": {"x":0,"y":1,"w":85,"h":134},
	"sourceSize": {"w":85,"h":135}
},
"ui_specialA2_9.png":
{
	"frame": {"x":891,"y":137,"w":85,"h":134},
	"rotated": false,
	"trimmed": true,
	"spriteSourceSize": {"x":0,"y":1,"w":85,"h":134},
	"sourceSize": {"w":85,"h":135}
},
"ui_specialA2_10.png":
{
	"frame": {"x":195,"y":1,"w":85,"h":134},
	"rotated": false,
	"trimmed": true,
	"spriteSourceSize": {"x":0,"y":1,"w":85,"h":134},
	"sourceSize": {"w":85,"h":135}
},
"ui_specialA2_11.png":
{
	"frame": {"x":282,"y":1,"w":85,"h":134},
	"rotated": false,
	"trimmed": true,
	"spriteSourceSize": {"x":0,"y":1,"w":85,"h":134},
	"sourceSize": {"w":85,"h":135}
},
"ui_specialA2_12.png":
{
	"frame": {"x":369,"y":1,"w":85,"h":134},
	"rotated": false,
	"trimmed": true,
	"spriteSourceSize": {"x":0,"y":1,"w":85,"h":134},
	"sourceSize": {"w":85,"h":135}
},
"ui_specialA2_13.png":
{
	"frame": {"x":456,"y":1,"w":85,"h":134},
	"rotated": false,
	"trimmed": true,
	"spriteSourceSize": {"x":0,"y":1,"w":85,"h":134},
	"sourceSize": {"w":85,"h":135}
},
"ui_specialA2_14.png":
{
	"frame": {"x":543,"y":1,"w":85,"h":134},
	"rotated": false,
	"trimmed": true,
	"spriteSourceSize": {"x":0,"y":1,"w":85,"h":134},
	"sourceSize": {"w":85,"h":135}
},
"ui_specialA2_15.png":
{
	"frame": {"x":630,"y":1,"w":85,"h":134},
	"rotated": false,
	"trimmed": true,
	"spriteSourceSize": {"x":0,"y":1,"w":85,"h":134},
	"sourceSize": {"w":85,"h":135}
},
"ui_specialA2_16.png":
{
	"frame": {"x":717,"y":1,"w":85,"h":134},
	"rotated": false,
	"trimmed": true,
	"spriteSourceSize": {"x":0,"y":1,"w":85,"h":134},
	"sourceSize": {"w":85,"h":135}
},
"ui_specialA2_17.png":
{
	"frame": {"x":804,"y":1,"w":85,"h":134},
	"rotated": false,
	"trimmed": true,
	"spriteSourceSize": {"x":0,"y":1,"w":85,"h":134},
	"sourceSize": {"w":85,"h":135}
},
"ui_specialA2_18.png":
{
	"frame": {"x":891,"y":1,"w":85,"h":134},
	"rotated": false,
	"trimmed": true,
	"spriteSourceSize": {"x":0,"y":1,"w":85,"h":134},
	"sourceSize": {"w":85,"h":135}
},
"ui_specialA2_19.png":
{
	"frame": {"x":108,"y":137,"w":85,"h":134},
	"rotated": false,
	"trimmed": true,
	"spriteSourceSize": {"x":0,"y":1,"w":85,"h":134},
	"sourceSize": {"w":85,"h":135}
},
"ui_specialA2_20.png":
{
	"frame": {"x":195,"y":137,"w":85,"h":134},
	"rotated": false,
	"trimmed": true,
	"spriteSourceSize": {"x":0,"y":1,"w":85,"h":134},
	"sourceSize": {"w":85,"h":135}
},
"ui_specialA2_21.png":
{
	"frame": {"x":282,"y":137,"w":85,"h":134},
	"rotated": false,
	"trimmed": true,
	"spriteSourceSize": {"x":0,"y":1,"w":85,"h":134},
	"sourceSize": {"w":85,"h":135}
},
"ui_specialA2_success.png":
{
	"frame": {"x":1,"y":1,"w":105,"h":155},
	"rotated": false,
	"trimmed": false,
	"spriteSourceSize": {"x":0,"y":0,"w":105,"h":155},
	"sourceSize": {"w":105,"h":155}
}},
"meta": {
	"app": "http://www.codeandweb.com/texturepacker",
	"version": "1.0",
	"image": "special1_2.png",
	"format": "RGBA8888",
	"size": {"w":977,"h":293},
	"scale": "1",
	"smartupdate": "$TexturePacker:SmartUpdate:586dfecd611dae5a81d7020629706ee4:0fef2de3b4e99276ff8bb1a1e782186e:82ed1bad8a53f37e0f9ca3cb96a3e95f$"
}
}
