{"frames": {

"bg_theme1_1.png":
{
	"frame": {"x":1,"y":1,"w":720,"h":213},
	"rotated": false,
	"trimmed": false,
	"spriteSourceSize": {"x":0,"y":0,"w":720,"h":213},
	"sourceSize": {"w":720,"h":213}
},
"bg_theme1_2.png":
{
	"frame": {"x":723,"y":216,"w":720,"h":211},
	"rotated": false,
	"trimmed": true,
	"spriteSourceSize": {"x":0,"y":2,"w":720,"h":211},
	"sourceSize": {"w":720,"h":213}
},
"bg_theme2_1.png":
{
	"frame": {"x":723,"y":1,"w":720,"h":213},
	"rotated": false,
	"trimmed": false,
	"spriteSourceSize": {"x":0,"y":0,"w":720,"h":213},
	"sourceSize": {"w":720,"h":213}
},
"bg_theme2_2.png":
{
	"frame": {"x":723,"y":429,"w":720,"h":211},
	"rotated": false,
	"trimmed": true,
	"spriteSourceSize": {"x":0,"y":2,"w":720,"h":211},
	"sourceSize": {"w":720,"h":213}
},
"bg_theme3_1.png":
{
	"frame": {"x":1,"y":216,"w":720,"h":213},
	"rotated": false,
	"trimmed": false,
	"spriteSourceSize": {"x":0,"y":0,"w":720,"h":213},
	"sourceSize": {"w":720,"h":213}
},
"bg_theme3_2.png":
{
	"frame": {"x":1,"y":431,"w":720,"h":211},
	"rotated": false,
	"trimmed": true,
	"spriteSourceSize": {"x":0,"y":2,"w":720,"h":211},
	"sourceSize": {"w":720,"h":213}
},
"theme_ship1.png":
{
	"frame": {"x":1445,"y":1,"w":70,"h":99},
	"rotated": false,
	"trimmed": true,
	"spriteSourceSize": {"x":0,"y":0,"w":70,"h":99},
	"sourceSize": {"w":70,"h":100}
},
"theme_ship2.png":
{
	"frame": {"x":1445,"y":102,"w":70,"h":99},
	"rotated": false,
	"trimmed": true,
	"spriteSourceSize": {"x":0,"y":1,"w":70,"h":99},
	"sourceSize": {"w":70,"h":100}
},
"theme_ship3.png":
{
	"frame": {"x":1445,"y":203,"w":70,"h":99},
	"rotated": false,
	"trimmed": true,
	"spriteSourceSize": {"x":0,"y":1,"w":70,"h":99},
	"sourceSize": {"w":70,"h":100}
},
"theme_star.png":
{
	"frame": {"x":1445,"y":304,"w":15,"h":15},
	"rotated": false,
	"trimmed": false,
	"spriteSourceSize": {"x":0,"y":0,"w":15,"h":15},
	"sourceSize": {"w":15,"h":15}
}},
"meta": {
	"app": "http://www.codeandweb.com/texturepacker",
	"version": "1.0",
	"image": "theme.png",
	"format": "RGBA8888",
	"size": {"w":1516,"h":643},
	"scale": "1",
	"smartupdate": "$TexturePacker:SmartUpdate:49a7d85f2ee33fe54646a78b88c18f97:e743819ed60969ed437bcf4df8e377fe:37c4706c1f3fdc5cd9d3e1183a6af365$"
}
}
