{"frames": {

"level_next_0003.png":
{
	"frame": {"x":1,"y":1,"w":720,"h":1130},
	"rotated": false,
	"trimmed": false,
	"spriteSourceSize": {"x":0,"y":0,"w":720,"h":1130},
	"sourceSize": {"w":720,"h":1130}
},
"level_next_0004.png":
{
	"frame": {"x":723,"y":1,"w":720,"h":1130},
	"rotated": false,
	"trimmed": false,
	"spriteSourceSize": {"x":0,"y":0,"w":720,"h":1130},
	"sourceSize": {"w":720,"h":1130}
}},
"meta": {
	"app": "http://www.codeandweb.com/texturepacker",
	"version": "1.0",
	"image": "daytonight2.png",
	"format": "RGBA8888",
	"size": {"w":1444,"h":1132},
	"scale": "1",
	"smartupdate": "$TexturePacker:SmartUpdate:e216bb8984cf579a953c8eee0d7a034d:cf9db049b9cb9ef05810139152df7921:49e5618c2173b5254dd61b86b500ac79$"
}
}
