<font>
	<info face="D:\PROJECT\No21 Game(땅짜르기)\ART\png\font_shop-export" size="80" />
	<common lineHeight="80" scaleW="161" scaleH="139" pages="1" />
	<pages>
		<page id="0" file="D:\PROJECT\No21 Game(땅짜르기)\ART\png\font_shop-export.png" />
	</pages>
	<chars count="13">
		<char id="48" x="42" y="46" width="41" height="46" xoffset="0" yoffset="34" xadvance="42" /><!-- 0 -->
		<char id="49" x="124" y="92" width="28" height="44" xoffset="0" yoffset="35" xadvance="29" /><!-- 1 -->
		<char id="50" x="42" y="93" width="41" height="44" xoffset="0" yoffset="34" xadvance="42" /><!-- 2 -->
		<char id="51" x="43" y="0" width="41" height="44" xoffset="0" yoffset="36" xadvance="42" /><!-- 3 -->
		<char id="52" x="0" y="0" width="42" height="45" xoffset="0" yoffset="34" xadvance="43" /><!-- 4 -->
		<char id="53" x="0" y="46" width="41" height="44" xoffset="0" yoffset="36" xadvance="42" /><!-- 5 -->
		<char id="54" x="84" y="45" width="40" height="46" xoffset="0" yoffset="34" xadvance="41" /><!-- 6 -->
		<char id="55" x="85" y="0" width="37" height="43" xoffset="0" yoffset="36" xadvance="38" /><!-- 7 -->
		<char id="56" x="0" y="91" width="41" height="46" xoffset="0" yoffset="34" xadvance="42" /><!-- 8 -->
		<char id="57" x="84" y="92" width="39" height="46" xoffset="0" yoffset="34" xadvance="40" /><!-- 9 -->
		<char id="120" x="123" y="0" width="37" height="37" xoffset="0" yoffset="42" xadvance="38" /><!-- x -->
		<char id="32" x="0" y="0" width="0" height="0" xoffset="0" yoffset="0" xadvance="20" /><!--   -->
		<char id="9" x="0" y="0" width="0" height="0" xoffset="0" yoffset="0" xadvance="160" /><!-- 	 -->
	</chars>
	<kernings count="0">
	</kernings>
</font>