{"frames": [

{
	"filename": "tutorial_1.png",
	"frame": {"x":1,"y":1,"w":494,"h":482},
	"rotated": false,
	"trimmed": false,
	"spriteSourceSize": {"x":0,"y":0,"w":494,"h":482},
	"sourceSize": {"w":494,"h":482}
},
{
	"filename": "tutorial_2.png",
	"frame": {"x":1,"y":485,"w":494,"h":482},
	"rotated": false,
	"trimmed": false,
	"spriteSourceSize": {"x":0,"y":0,"w":494,"h":482},
	"sourceSize": {"w":494,"h":482}
},
{
	"filename": "tutorial_3.png",
	"frame": {"x":497,"y":1135,"w":494,"h":270},
	"rotated": false,
	"trimmed": false,
	"spriteSourceSize": {"x":0,"y":0,"w":494,"h":270},
	"sourceSize": {"w":494,"h":270}
},
{
	"filename": "tutorial_4.png",
	"frame": {"x":497,"y":1,"w":495,"h":271},
	"rotated": false,
	"trimmed": false,
	"spriteSourceSize": {"x":0,"y":0,"w":495,"h":271},
	"sourceSize": {"w":495,"h":271}
},
{
	"filename": "tutorial_5.png",
	"frame": {"x":1,"y":969,"w":494,"h":377},
	"rotated": false,
	"trimmed": false,
	"spriteSourceSize": {"x":0,"y":0,"w":494,"h":377},
	"sourceSize": {"w":494,"h":377}
},
{
	"filename": "tutorial_6.png",
	"frame": {"x":497,"y":756,"w":494,"h":377},
	"rotated": false,
	"trimmed": false,
	"spriteSourceSize": {"x":0,"y":0,"w":494,"h":377},
	"sourceSize": {"w":494,"h":377}
},
{
	"filename": "tutorial_7.png",
	"frame": {"x":497,"y":274,"w":494,"h":480},
	"rotated": false,
	"trimmed": false,
	"spriteSourceSize": {"x":0,"y":0,"w":494,"h":480},
	"sourceSize": {"w":494,"h":480}
}],
"meta": {
	"app": "https://www.codeandweb.com/texturepacker",
	"version": "1.0",
	"image": "tutorial.png",
	"format": "RGBA8888",
	"size": {"w":993,"h":1406},
	"scale": "1",
	"smartupdate": "$TexturePacker:SmartUpdate:7878a9fc5e6519a2f0a1bbc958a6ff21:c81ab94e5323482ea2f9a30a3f59da49:79be00c7babd4ee577009a58f6978baa$"
}
}
